date,fx,ffr,cpi,bi
2018-04-02,13750,1.75,101.09362874410799,4.25
2018-04-03,13765,1.75,101.09362874410799,4.25
2018-04-04,13760,1.75,101.09362874410799,4.25
2018-04-05,13767,1.75,101.09362874410799,4.25
2018-04-06,13771,1.75,101.09362874410799,4.25
2018-04-09,13771,1.75,101.09362874410799,4.25
2018-04-10,13759,1.75,101.09362874410799,4.25
2018-04-11,13747,1.75,101.09362874410799,4.25
2018-04-12,13763,1.75,101.09362874410799,4.25
2018-04-13,13753,1.75,101.09362874410799,4.25
2018-04-16,13766,1.75,101.09362874410799,4.25
2018-04-17,13770,1.75,101.09362874410799,4.25
2018-04-18,13770,1.75,101.09362874410799,4.25
2018-04-19,13778,1.75,101.09362874410799,4.25
2018-04-20,13804,1.75,101.09362874410799,4.25
2018-04-23,13894,1.75,101.09362874410799,4.25
2018-04-24,13900,1.75,101.09362874410799,4.25
2018-04-25,13888,1.75,101.09362874410799,4.25
2018-04-26,13930,1.75,101.09362874410799,4.25
2018-04-27,13879,1.75,101.09362874410799,4.25
2018-04-30,13877,1.75,101.09362874410799,4.25
2018-05-02,13936,1.75,101.30592536447061,4.25
2018-05-03,13965,1.75,101.30592536447061,4.25
2018-05-04,13943,1.75,101.30592536447061,4.25
2018-05-07,13956,1.75,101.30592536447061,4.25
2018-05-08,14036,1.75,101.30592536447061,4.25
2018-05-09,14074,1.75,101.30592536447061,4.25
2018-05-11,14048,1.75,101.30592536447061,4.25
2018-05-14,13976,1.75,101.30592536447061,4.25
2018-05-15,14020,1.75,101.30592536447061,4.25
2018-05-16,14094,1.75,101.30592536447061,4.25
2018-05-17,14074,1.75,101.30592536447061,4.5
2018-05-18,14107,1.75,101.30592536447061,4.5
2018-05-21,14176,1.75,101.30592536447061,4.5
2018-05-22,14178,1.75,101.30592536447061,4.5
2018-05-23,14192,1.75,101.30592536447061,4.5
2018-05-24,14205,1.75,101.30592536447061,4.5
2018-05-25,14166,1.75,101.30592536447061,4.5
2018-05-28,14065,1.75,101.30592536447061,4.5
2018-05-30,14032,1.75,101.30592536447061,4.75
2018-05-31,13951,1.75,101.30592536447061,4.75
2018-06-04,13872,1.75,101.90363032412097,4.75
2018-06-05,13887,1.75,101.90363032412097,4.75
2018-06-06,13875,1.75,101.90363032412097,4.75
2018-06-07,13868,1.75,101.90363032412097,4.75
2018-06-08,13902,1.75,101.90363032412097,4.75
2018-06-21,14090,2.0,101.90363032412097,4.75
2018-06-22,14102,2.0,101.90363032412097,4.75
2018-06-25,14105,2.0,101.90363032412097,4.75
2018-06-26,14163,2.0,101.90363032412097,4.75
2018-06-28,14271,2.0,101.90363032412097,4.75
2018-06-29,14404,2.0,101.90363032412097,5.25
2018-07-02,14331,2.0,102.1889604890285,5.25
2018-07-03,14418,2.0,102.1889604890285,5.25
2018-07-04,14343,2.0,102.1889604890285,5.25
2018-07-05,14387,2.0,102.1889604890285,5.25
2018-07-06,14409,2.0,102.1889604890285,5.25
2018-07-09,14332,2.0,102.1889604890285,5.25
2018-07-10,14326,2.0,102.1889604890285,5.25
2018-07-11,14391,2.0,102.1889604890285,5.25
2018-07-12,14435,2.0,102.1889604890285,5.25
2018-07-13,14358,2.0,102.1889604890285,5.25
2018-07-16,14396,2.0,102.1889604890285,5.25
2018-07-17,14391,2.0,102.1889604890285,5.25
2018-07-18,14406,2.0,102.1889604890285,5.25
2018-07-19,14418,2.0,102.1889604890285,5.25
2018-07-20,14520,2.0,102.1889604890285,5.25
2018-07-23,14454,2.0,102.1889604890285,5.25
2018-07-24,14541,2.0,102.1889604890285,5.25
2018-07-25,14515,2.0,102.1889604890285,5.25
2018-07-26,14443,2.0,102.1889604890285,5.25
2018-07-27,14483,2.0,102.1889604890285,5.25
2018-07-30,14409,2.0,102.1889604890285,5.25
2018-07-31,14413,2.0,102.1889604890285,5.25
2018-08-01,14442,2.0,102.13786600878399,5.25
2018-08-02,14446,2.0,102.13786600878399,5.25
2018-08-03,14503,2.0,102.13786600878399,5.25
2018-08-06,14481,2.0,102.13786600878399,5.25
2018-08-07,14485,2.0,102.13786600878399,5.25
2018-08-08,14439,2.0,102.13786600878399,5.25
2018-08-09,14422,2.0,102.13786600878399,5.25
2018-08-10,14437,2.0,102.13786600878399,5.25
2018-08-13,14583,2.0,102.13786600878399,5.25
2018-08-14,14625,2.0,102.13786600878399,5.25
2018-08-15,14621,2.0,102.13786600878399,5.5
2018-08-16,14619,2.0,102.13786600878399,5.5
2018-08-20,14578,2.0,102.13786600878399,5.5
2018-08-21,14568,2.0,102.13786600878399,5.5
2018-08-23,14620,2.0,102.13786600878399,5.5
2018-08-24,14655,2.0,102.13786600878399,5.5
2018-08-27,14610,2.0,102.13786600878399,5.5
2018-08-28,14614,2.0,102.13786600878399,5.5
2018-08-29,14643,2.0,102.13786600878399,5.5
2018-08-30,14655,2.0,102.13786600878399,5.5
2018-08-31,14711,2.0,102.13786600878399,5.5
2018-09-03,14767,2.0,101.95401784996818,5.5
2018-09-04,14840,2.0,101.95401784996818,5.5
2018-09-05,14927,2.0,101.95401784996818,5.5
2018-09-06,14891,2.0,101.95401784996818,5.5
2018-09-07,14884,2.0,101.95401784996818,5.5
2018-09-10,14835,2.0,101.95401784996818,5.5
2018-09-12,14863,2.0,101.95401784996818,5.5
2018-09-13,14794,2.0,101.95401784996818,5.5
2018-09-14,14835,2.0,101.95401784996818,5.5
2018-09-17,14859,2.0,101.95401784996818,5.5
2018-09-18,14908,2.0,101.95401784996818,5.5
2018-09-19,14896,2.0,101.95401784996818,5.5
2018-09-20,14839,2.0,101.95401784996818,5.5
2018-09-21,14824,2.0,101.95401784996818,5.5
2018-09-24,14865,2.0,101.95401784996818,5.5
2018-09-25,14893,2.0,101.95401784996818,5.5
2018-09-26,14938,2.0,101.95401784996818,5.5
2018-09-27,14919,2.25,101.95401784996818,5.75
2018-09-28,14929,2.25,101.95401784996818,5.75
2018-10-01,14905,2.25,102.23948909994809,5.75
2018-10-02,14988,2.25,102.23948909994809,5.75
2018-10-03,15088,2.25,102.23948909994809,5.75
2018-10-04,15133,2.25,102.23948909994809,5.75
2018-10-05,15182,2.25,102.23948909994809,5.75
2018-10-08,15193,2.25,102.23948909994809,5.75
2018-10-09,15233,2.25,102.23948909994809,5.75
2018-10-10,15215,2.25,102.23948909994809,5.75
2018-10-11,15253,2.25,102.23948909994809,5.75
2018-10-12,15194,2.25,102.23948909994809,5.75
2018-10-15,15246,2.25,102.23948909994809,5.75
2018-10-16,15206,2.25,102.23948909994809,5.75
2018-10-17,15178,2.25,102.23948909994809,5.75
2018-10-18,15187,2.25,102.23948909994809,5.75
2018-10-19,15221,2.25,102.23948909994809,5.75
2018-10-22,15192,2.25,102.23948909994809,5.75
2018-10-23,15208,2.25,102.23948909994809,5.75
2018-10-24,15193,2.25,102.23948909994809,5.75
2018-10-25,15210,2.25,102.23948909994809,5.75
2018-10-26,15207,2.25,102.23948909994809,5.75
2018-10-29,15218,2.25,102.23948909994809,5.75
2018-10-30,15237,2.25,102.23948909994809,5.75
2018-10-31,15227,2.25,102.23948909994809,5.75
2018-11-01,15195,2.25,102.51553572051795,5.75
2018-11-02,15089,2.25,102.51553572051795,5.75
2018-11-05,14972,2.25,102.51553572051795,5.75
2018-11-06,14891,2.25,102.51553572051795,5.75
2018-11-07,14764,2.25,102.51553572051795,5.75
2018-11-08,14651,2.25,102.51553572051795,5.75
2018-11-09,14632,2.25,102.51553572051795,5.75
2018-11-12,14747,2.25,102.51553572051795,5.75
2018-11-13,14895,2.25,102.51553572051795,5.75
2018-11-14,14755,2.25,102.51553572051795,5.75
2018-11-15,14764,2.25,102.51553572051795,6.0
2018-11-16,14594,2.25,102.51553572051795,6.0
2018-11-19,14586,2.25,102.51553572051795,6.0
2018-11-21,14618,2.25,102.51553572051795,6.0
2018-11-22,14592,2.25,102.51553572051795,6.0
2018-11-23,14552,2.25,102.51553572051795,6.0
2018-11-26,14551,2.25,102.51553572051795,6.0
2018-11-27,14504,2.25,102.51553572051795,6.0
2018-11-28,14535,2.25,102.51553572051795,6.0
2018-11-29,14408,2.25,102.51553572051795,6.0
2018-11-30,14339,2.25,102.51553572051795,6.0
2018-12-03,14252,2.25,103.15113204198516,6.0
2018-12-04,14293,2.25,103.15113204198516,6.0
2018-12-05,14383,2.25,103.15113204198516,6.0
2018-12-06,14507,2.25,103.15113204198516,6.0
2018-12-07,14539,2.25,103.15113204198516,6.0
2018-12-10,14517,2.25,103.15113204198516,6.0
2018-12-11,14613,2.25,103.15113204198516,6.0
2018-12-12,14577,2.25,103.15113204198516,6.0
2018-12-13,14536,2.25,103.15113204198516,6.0
2018-12-14,14538,2.25,103.15113204198516,6.0
2018-12-17,14617,2.25,103.15113204198516,6.0
2018-12-18,14523,2.25,103.15113204198516,6.0
2018-12-19,14380,2.25,103.15113204198516,6.0
2018-12-20,14499,2.5,103.15113204198516,6.0
2018-12-21,14480,2.5,103.15113204198516,6.0
2018-12-26,14602,2.5,103.15113204198516,6.0
2018-12-27,14563,2.5,103.15113204198516,6.0
2018-12-28,14542,2.5,103.15113204198516,6.0
2018-12-31,14481,2.5,103.15113204198516,6.0
2019-01-02,14465,2.5,103.48121566451954,6.0
2019-01-03,14474,2.5,103.48121566451954,6.0
2019-01-04,14350,2.5,103.48121566451954,6.0
2019-01-07,14105,2.5,103.48121566451954,6.0
2019-01-08,14031,2.5,103.48121566451954,6.0
2019-01-09,14120,2.5,103.48121566451954,6.0
2019-01-10,14093,2.5,103.48121566451954,6.0
2019-01-11,14076,2.5,103.48121566451954,6.0
2019-01-14,14052,2.5,103.48121566451954,6.0
2019-01-15,14084,2.5,103.48121566451954,6.0
2019-01-16,14154,2.5,103.48121566451954,6.0
2019-01-17,14158,2.5,103.48121566451954,6.0
2019-01-18,14182,2.5,103.48121566451954,6.0
2019-01-21,14212,2.5,103.48121566451954,6.0
2019-01-22,14221,2.5,103.48121566451954,6.0
2019-01-23,14188,2.5,103.48121566451954,6.0
2019-01-24,14141,2.5,103.48121566451954,6.0
2019-01-25,14163,2.5,103.48121566451954,6.0
2019-01-28,14038,2.5,103.48121566451954,6.0
2019-01-29,14098,2.5,103.48121566451954,6.0
2019-01-30,14112,2.5,103.48121566451954,6.0
2019-01-31,14072,2.5,103.48121566451954,6.0
2019-02-01,13978,2.5,103.39843069198791,6.0
2019-02-04,13976,2.5,103.39843069198791,6.0
2019-02-06,13947,2.5,103.39843069198791,6.0
2019-02-07,13978,2.5,103.39843069198791,6.0
2019-02-08,13992,2.5,103.39843069198791,6.0
2019-02-11,13995,2.5,103.39843069198791,6.0
2019-02-12,14088,2.5,103.39843069198791,6.0
2019-02-13,14027,2.5,103.39843069198791,6.0
2019-02-14,14093,2.5,103.39843069198791,6.0
2019-02-15,14116,2.5,103.39843069198791,6.0
2019-02-18,14106,2.5,103.39843069198791,6.0
2019-02-19,14119,2.5,103.39843069198791,6.0
2019-02-20,14055,2.5,103.39843069198791,6.0
2019-02-21,14057,2.5,103.39843069198791,6.0
2019-02-22,14079,2.5,103.39843069198791,6.0
2019-02-25,14007,2.5,103.39843069198791,6.0
2019-02-26,13990,2.5,103.39843069198791,6.0
2019-02-27,14004,2.5,103.39843069198791,6.0
2019-02-28,14062,2.5,103.39843069198791,6.0
2019-03-01,14111,2.5,103.51216896574911,6.0
2019-03-04,14149,2.5,103.51216896574911,6.0
2019-03-05,14146,2.5,103.51216896574911,6.0
2019-03-06,14129,2.5,103.51216896574911,6.0
2019-03-08,14223,2.5,103.51216896574911,6.0
2019-03-11,14324,2.5,103.51216896574911,6.0
2019-03-12,14251,2.5,103.51216896574911,6.0
2019-03-13,14269,2.5,103.51216896574911,6.0
2019-03-14,14253,2.5,103.51216896574911,6.0
2019-03-15,14310,2.5,103.51216896574911,6.0
2019-03-18,14242,2.5,103.51216896574911,6.0
2019-03-19,14228,2.5,103.51216896574911,6.0
2019-03-20,14231,2.5,103.51216896574911,6.0
2019-03-21,14102,2.5,103.51216896574911,6.0
2019-03-22,14157,2.5,103.51216896574911,6.0
2019-03-25,14223,2.5,103.51216896574911,6.0
2019-03-26,14171,2.5,103.51216896574911,6.0
2019-03-27,14202,2.5,103.51216896574911,6.0
2019-03-28,14255,2.5,103.51216896574911,6.0
2019-03-29,14244,2.5,103.51216896574911,6.0
2019-04-01,14231,2.5,103.96762250919839,6.0
2019-04-02,14237,2.5,103.96762250919839,6.0
2019-04-04,14182,2.5,103.96762250919839,6.0
2019-04-05,14158,2.5,103.96762250919839,6.0
2019-04-08,14145,2.5,103.96762250919839,6.0
2019-04-09,14150,2.5,103.96762250919839,6.0
2019-04-10,14155,2.5,103.96762250919839,6.0
2019-04-11,14156,2.5,103.96762250919839,6.0
2019-04-12,14153,2.5,103.96762250919839,6.0
2019-04-15,14067,2.5,103.96762250919839,6.0
2019-04-16,14066,2.5,103.96762250919839,6.0
2019-04-18,14016,2.5,103.96762250919839,6.0
2019-04-22,14056,2.5,103.96762250919839,6.0
2019-04-23,14080,2.5,103.96762250919839,6.0
2019-04-24,14112,2.5,103.96762250919839,6.0
2019-04-25,14154,2.5,103.96762250919839,6.0
2019-04-26,14188,2.5,103.96762250919839,6.0
2019-04-29,14188,2.5,103.96762250919839,6.0
2019-04-30,14215,2.5,103.96762250919839,6.0
2019-05-02,14245,2.5,104.67460234226094,6.0
2019-05-03,14282,2.5,104.67460234226094,6.0
2019-05-06,14308,2.5,104.67460234226094,6.0
2019-05-07,14309,2.5,104.67460234226094,6.0
2019-05-08,14305,2.5,104.67460234226094,6.0
2019-05-09,14338,2.5,104.67460234226094,6.0
2019-05-10,14347,2.5,104.67460234226094,6.0
2019-05-13,14362,2.5,104.67460234226094,6.0
2019-05-14,14444,2.5,104.67460234226094,6.0
2019-05-15,14448,2.5,104.67460234226094,6.0
2019-05-16,14458,2.5,104.67460234226094,6.0
2019-05-17,14469,2.5,104.67460234226094,6.0
2019-05-20,14478,2.5,104.67460234226094,6.0
2019-05-21,14462,2.5,104.67460234226094,6.0
2019-05-22,14488,2.5,104.67460234226094,6.0
2019-05-23,14513,2.5,104.67460234226094,6.0
2019-05-24,14451,2.5,104.67460234226094,6.0
2019-05-27,14360,2.5,104.67460234226094,6.0
2019-05-28,14380,2.5,104.67460234226094,6.0
2019-05-29,14417,2.5,104.67460234226094,6.0
2019-05-31,14385,2.5,104.67460234226094,6.0
2019-06-10,14231,2.5,105.25031265514338,6.0
2019-06-11,14258,2.5,105.25031265514338,6.0
2019-06-12,14234,2.5,105.25031265514338,6.0
2019-06-13,14270,2.5,105.25031265514338,6.0
2019-06-14,14304,2.5,105.25031265514338,6.0
2019-06-17,14346,2.5,105.25031265514338,6.0
2019-06-18,14334,2.5,105.25031265514338,6.0
2019-06-19,14271,2.5,105.25031265514338,6.0
2019-06-20,14236,2.5,105.25031265514338,6.0
2019-06-21,14116,2.5,105.25031265514338,6.0
2019-06-24,14165,2.5,105.25031265514338,6.0
2019-06-25,14138,2.5,105.25031265514338,6.0
2019-06-26,14174,2.5,105.25031265514338,6.0
2019-06-27,14180,2.5,105.25031265514338,6.0
2019-06-28,14141,2.5,105.25031265514338,6.0
2019-07-01,14117,2.5,105.57658862437434,6.0
2019-07-02,14140,2.5,105.57658862437434,6.0
2019-07-03,14160,2.5,105.57658862437434,6.0
2019-07-04,14106,2.5,105.57658862437434,6.0
2019-07-05,14148,2.5,105.57658862437434,6.0
2019-07-08,14147,2.5,105.57658862437434,6.0
2019-07-09,14129,2.5,105.57658862437434,6.0
2019-07-10,14152,2.5,105.57658862437434,6.0
2019-07-11,14089,2.5,105.57658862437434,6.0
2019-07-12,14085,2.5,105.57658862437434,6.0
2019-07-15,13970,2.5,105.57658862437434,6.0
2019-07-16,13925,2.5,105.57658862437434,6.0
2019-07-17,13949,2.5,105.57658862437434,6.0
2019-07-18,13976,2.5,105.57658862437434,5.75
2019-07-19,13913,2.5,105.57658862437434,5.75
2019-07-22,13963,2.5,105.57658862437434,5.75
2019-07-23,13973,2.5,105.57658862437434,5.75
2019-07-24,14011,2.5,105.57658862437434,5.75
2019-07-25,13986,2.5,105.57658862437434,5.75
2019-07-26,14001,2.5,105.57658862437434,5.75
2019-07-29,14010,2.5,105.57658862437434,5.75
2019-07-30,14034,2.5,105.57658862437434,5.75
2019-07-31,14026,2.5,105.57658862437434,5.75
2019-08-01,14098,2.25,105.7032805307236,5.75
2019-08-02,14203,2.25,105.7032805307236,5.75
2019-08-05,14231,2.25,105.7032805307236,5.75
2019-08-06,14344,2.25,105.7032805307236,5.75
2019-08-07,14275,2.25,105.7032805307236,5.75
2019-08-08,14231,2.25,105.7032805307236,5.75
2019-08-09,14195,2.25,105.7032805307236,5.75
2019-08-12,14220,2.25,105.7032805307236,5.75
2019-08-13,14283,2.25,105.7032805307236,5.75
2019-08-14,14234,2.25,105.7032805307236,5.75
2019-08-15,14296,2.25,105.7032805307236,5.75
2019-08-16,14258,2.25,105.7032805307236,5.75
2019-08-19,14203,2.25,105.7032805307236,5.75
2019-08-20,14262,2.25,105.7032805307236,5.75
2019-08-21,14259,2.25,105.7032805307236,5.75
2019-08-22,14234,2.25,105.7032805307236,5.5
2019-08-23,14249,2.25,105.7032805307236,5.5
2019-08-26,14261,2.25,105.7032805307236,5.5
2019-08-27,14235,2.25,105.7032805307236,5.5
2019-08-28,14263,2.25,105.7032805307236,5.5
2019-08-29,14254,2.25,105.7032805307236,5.5
2019-08-30,14237,2.25,105.7032805307236,5.5
2019-09-02,14190,2.25,105.41788167329065,5.5
2019-09-03,14217,2.25,105.41788167329065,5.5
2019-09-04,14218,2.25,105.41788167329065,5.5
2019-09-05,14153,2.25,105.41788167329065,5.5
2019-09-06,14140,2.25,105.41788167329065,5.5
2019-09-09,14092,2.25,105.41788167329065,5.5
2019-09-10,14031,2.25,105.41788167329065,5.5
2019-09-11,14063,2.25,105.41788167329065,5.5
2019-09-12,14052,2.25,105.41788167329065,5.5
2019-09-13,13950,2.25,105.41788167329065,5.5
2019-09-16,14020,2.25,105.41788167329065,5.5
2019-09-17,14100,2.25,105.41788167329065,5.5
2019-09-18,14080,2.25,105.41788167329065,5.5
2019-09-19,14099,2.0,105.41788167329065,5.25
2019-09-20,14085,2.0,105.41788167329065,5.25
2019-09-23,14077,2.0,105.41788167329065,5.25
2019-09-24,14099,2.0,105.41788167329065,5.25
2019-09-25,14134,2.0,105.41788167329065,5.25
2019-09-26,14162,2.0,105.41788167329065,5.25
2019-09-27,14197,2.0,105.41788167329065,5.25
2019-09-30,14174,2.0,105.41788167329065,5.25
2019-10-01,14196,2.0,105.43896524962531,5.25
2019-10-02,14207,2.0,105.43896524962531,5.25
2019-10-03,14193,2.0,105.43896524962531,5.25
2019-10-04,14135,2.0,105.43896524962531,5.25
2019-10-07,14156,2.0,105.43896524962531,5.25
2019-10-08,14170,2.0,105.43896524962531,5.25
2019-10-09,14182,2.0,105.43896524962531,5.25
2019-10-10,14157,2.0,105.43896524962531,5.25
2019-10-11,14139,2.0,105.43896524962531,5.25
2019-10-14,14126,2.0,105.43896524962531,5.25
2019-10-15,14140,2.0,105.43896524962531,5.25
2019-10-16,14187,2.0,105.43896524962531,5.25
2019-10-17,14172,2.0,105.43896524962531,5.25
2019-10-18,14140,2.0,105.43896524962531,5.25
2019-10-21,14132,2.0,105.43896524962531,5.25
2019-10-22,14058,2.0,105.43896524962531,5.25
2019-10-23,14051,2.0,105.43896524962531,5.25
2019-10-24,13996,2.0,105.43896524962531,5.0
2019-10-25,14064,2.0,105.43896524962531,5.0
2019-10-28,14023,2.0,105.43896524962531,5.0
2019-10-29,14028,2.0,105.43896524962531,5.0
2019-10-30,14044,2.0,105.43896524962531,5.0
2019-10-31,14008,1.75,105.43896524962531,5.0
2019-11-01,14066,1.75,105.58657980097479,5.0
2019-11-04,14002,1.75,105.58657980097479,5.0
2019-11-05,14031,1.75,105.58657980097479,5.0
2019-11-06,13992,1.75,105.58657980097479,5.0
2019-11-07,14040,1.75,105.58657980097479,5.0
2019-11-08,14020,1.75,105.58657980097479,5.0
2019-11-11,14040,1.75,105.58657980097479,5.0
2019-11-12,14059,1.75,105.58657980097479,5.0
2019-11-13,14082,1.75,105.58657980097479,5.0
2019-11-14,14098,1.75,105.58657980097479,5.0
2019-11-15,14069,1.75,105.58657980097479,5.0
2019-11-18,14075,1.75,105.58657980097479,5.0
2019-11-19,14091,1.75,105.58657980097479,5.0
2019-11-20,14097,1.75,105.58657980097479,5.0
2019-11-21,14112,1.75,105.58657980097479,5.0
2019-11-22,14100,1.75,105.58657980097479,5.0
2019-11-25,14091,1.75,105.58657980097479,5.0
2019-11-26,14081,1.75,105.58657980097479,5.0
2019-11-27,14096,1.75,105.58657980097479,5.0
2019-11-28,14099,1.75,105.58657980097479,5.0
2019-11-29,14102,1.75,105.58657980097479,5.0
2019-12-02,14122,1.75,105.94557417229811,5.0
2019-12-03,14130,1.75,105.94557417229811,5.0
2019-12-04,14125,1.75,105.94557417229811,5.0
2019-12-05,14094,1.75,105.94557417229811,5.0
2019-12-06,14037,1.75,105.94557417229811,5.0
2019-12-09,14021,1.75,105.94557417229811,5.0
2019-12-10,14004,1.75,105.94557417229811,5.0
2019-12-11,14025,1.75,105.94557417229811,5.0
2019-12-12,14042,1.75,105.94557417229811,5.0
2019-12-13,13982,1.75,105.94557417229811,5.0
2019-12-16,14004,1.75,105.94557417229811,5.0
2019-12-17,14018,1.75,105.94557417229811,5.0
2019-12-18,14007,1.75,105.94557417229811,5.0
2019-12-19,13983,1.75,105.94557417229811,5.0
2019-12-20,13993,1.75,105.94557417229811,5.0
2019-12-23,13978,1.75,105.94557417229811,5.0
2019-12-26,13982,1.75,105.94557417229811,5.0
2019-12-27,13956,1.75,105.94557417229811,5.0
2019-12-30,13945,1.75,105.94557417229811,5.0
2019-12-31,13901,1.75,105.94557417229811,5.0
2020-01-02,13895,1.75,106.35876191157007,5.0
2020-01-03,13899,1.75,106.35876191157007,5.0
2020-01-06,13961,1.75,106.35876191157007,5.0
2020-01-07,13919,1.75,106.35876191157007,5.0
2020-01-08,13934,1.75,106.35876191157007,5.0
2020-01-09,13860,1.75,106.35876191157007,5.0
2020-01-10,13812,1.75,106.35876191157007,5.0
2020-01-13,13708,1.75,106.35876191157007,5.0
2020-01-14,13654,1.75,106.35876191157007,5.0
2020-01-15,13706,1.75,106.35876191157007,5.0
2020-01-16,13658,1.75,106.35876191157007,5.0
2020-01-17,13648,1.75,106.35876191157007,5.0
2020-01-20,13654,1.75,106.35876191157007,5.0
2020-01-21,13658,1.75,106.35876191157007,5.0
2020-01-22,13678,1.75,106.35876191157007,5.0
2020-01-23,13626,1.75,106.35876191157007,5.0
2020-01-24,13632,1.75,106.35876191157007,5.0
2020-01-27,13612,1.75,106.35876191157007,5.0
2020-01-28,13647,1.75,106.35876191157007,5.0
2020-01-29,13634,1.75,106.35876191157007,5.0
2020-01-30,13652,1.75,106.35876191157007,5.0
2020-01-31,13662,1.75,106.35876191157007,5.0
2020-02-03,13726,1.75,106.65656644492248,5.0
2020-02-04,13760,1.75,106.65656644492248,5.0
2020-02-05,13717,1.75,106.65656644492248,5.0
2020-02-06,13662,1.75,106.65656644492248,5.0
2020-02-07,13647,1.75,106.65656644492248,5.0
2020-02-10,13708,1.75,106.65656644492248,5.0
2020-02-11,13686,1.75,106.65656644492248,5.0
2020-02-12,13659,1.75,106.65656644492248,5.0
2020-02-13,13679,1.75,106.65656644492248,5.0
2020-02-14,13707,1.75,106.65656644492248,5.0
2020-02-17,13693,1.75,106.65656644492248,5.0
2020-02-18,13676,1.75,106.65656644492248,5.0
2020-02-19,13717,1.75,106.65656644492248,5.0
2020-02-20,13735,1.75,106.65656644492248,4.75
2020-02-21,13777,1.75,106.65656644492248,4.75
2020-02-24,13863,1.75,106.65656644492248,4.75
2020-02-25,13893,1.75,106.65656644492248,4.75
2020-02-26,13966,1.75,106.65656644492248,4.75
2020-02-27,14018,1.75,106.65656644492248,4.75
2020-02-28,14234,1.75,106.65656644492248,4.75
2020-03-02,14413,1.75,106.76322301136739,4.75
2020-03-03,14222,1.75,106.76322301136739,4.75
2020-03-04,14171,1.25,106.76322301136739,4.75
2020-03-05,14168,1.25,106.76322301136739,4.75
2020-03-06,14267,1.25,106.76322301136739,4.75
2020-03-09,14342,1.25,106.76322301136739,4.75
2020-03-10,14411,1.25,106.76322301136739,4.75
2020-03-11,14323,1.25,106.76322301136739,4.75
2020-03-12,14490,1.25,106.76322301136739,4.75
2020-03-13,14815,1.25,106.76322301136739,4.75
2020-03-16,14818,0.25,106.76322301136739,4.75
2020-03-17,15083,0.25,106.76322301136739,4.75
2020-03-18,15223,0.25,106.76322301136739,4.75
2020-03-19,15712,0.25,106.76322301136739,4.5
2020-03-20,16273,0.25,106.76322301136739,4.5
2020-03-23,16608,0.25,106.76322301136739,4.5
2020-03-24,16486,0.25,106.76322301136739,4.5
2020-03-26,16328,0.25,106.76322301136739,4.5
2020-03-27,16230,0.25,106.76322301136739,4.5
2020-03-30,16336,0.25,106.76322301136739,4.5
2020-03-31,16367,0.25,106.76322301136739,4.5
2020-04-01,16413,0.25,106.84863358977648,4.5
2020-04-02,16741,0.25,106.84863358977648,4.5
2020-04-03,16464,0.25,106.84863358977648,4.5
2020-04-06,16556,0.25,106.84863358977648,4.5
2020-04-07,16410,0.25,106.84863358977648,4.5
2020-04-08,16245,0.25,106.84863358977648,4.5
2020-04-09,16241,0.25,106.84863358977648,4.5
2020-04-13,15840,0.25,106.84863358977648,4.5
2020-04-14,15722,0.25,106.84863358977648,4.5
2020-04-15,15707,0.25,106.84863358977648,4.5
2020-04-16,15787,0.25,106.84863358977648,4.5
2020-04-17,15503,0.25,106.84863358977648,4.5
2020-04-20,15543,0.25,106.84863358977648,4.5
2020-04-21,15643,0.25,106.84863358977648,4.5
2020-04-22,15567,0.25,106.84863358977648,4.5
2020-04-23,15630,0.25,106.84863358977648,4.5
2020-04-24,15553,0.25,106.84863358977648,4.5
2020-04-27,15591,0.25,106.84863358977648,4.5
2020-04-28,15488,0.25,106.84863358977648,4.5
2020-04-29,15415,0.25,106.84863358977648,4.5
2020-04-30,15157,0.25,106.84863358977648,4.5
2020-05-04,15073,0.25,106.92342763328931,4.5
2020-05-05,15104,0.25,106.92342763328931,4.5
2020-05-06,15127,0.25,106.92342763328931,4.5
2020-05-08,15009,0.25,106.92342763328931,4.5
2020-05-11,14936,0.25,106.92342763328931,4.5
2020-05-12,14978,0.25,106.92342763328931,4.5
2020-05-13,14887,0.25,106.92342763328931,4.5
2020-05-14,14946,0.25,106.92342763328931,4.5
2020-05-15,14909,0.25,106.92342763328931,4.5
2020-05-18,14885,0.25,106.92342763328931,4.5
2020-05-19,14823,0.25,106.92342763328931,4.5
2020-05-20,14785,0.25,106.92342763328931,4.5
2020-05-26,14774,0.25,106.92342763328931,4.5
2020-05-27,14761,0.25,106.92342763328931,4.5
2020-05-28,14769,0.25,106.92342763328931,4.5
2020-05-29,14733,0.25,106.92342763328931,4.5
2020-06-02,14502,0.25,107.11588980302922,4.5
2020-06-03,14245,0.25,107.11588980302922,4.5
2020-06-04,14165,0.25,107.11588980302922,4.5
2020-06-05,14100,0.25,107.11588980302922,4.5
2020-06-08,13956,0.25,107.11588980302922,4.5
2020-06-09,13973,0.25,107.11588980302922,4.5
2020-06-10,14083,0.25,107.11588980302922,4.5
2020-06-11,14014,0.25,107.11588980302922,4.5
2020-06-12,14257,0.25,107.11588980302922,4.5
2020-06-15,14228,0.25,107.11588980302922,4.5
2020-06-16,14155,0.25,107.11588980302922,4.5
2020-06-17,14234,0.25,107.11588980302922,4.5
2020-06-18,14186,0.25,107.11588980302922,4.25
2020-06-19,14242,0.25,107.11588980302922,4.25
2020-06-22,14209,0.25,107.11588980302922,4.25
2020-06-23,14265,0.25,107.11588980302922,4.25
2020-06-24,14160,0.25,107.11588980302922,4.25
2020-06-25,14231,0.25,107.11588980302922,4.25
2020-06-26,14239,0.25,107.11588980302922,4.25
2020-06-29,14369,0.25,107.11588980302922,4.25
2020-06-30,14302,0.25,107.11588980302922,4.25
2020-07-01,14341,0.25,107.00877391322618,4.25
2020-07-02,14516,0.25,107.00877391322618,4.25
2020-07-03,14566,0.25,107.00877391322618,4.25
2020-07-06,14547,0.25,107.00877391322618,4.25
2020-07-07,14456,0.25,107.00877391322618,4.25
2020-07-08,14460,0.25,107.00877391322618,4.25
2020-07-09,14446,0.25,107.00877391322618,4.25
2020-07-10,14501,0.25,107.00877391322618,4.25
2020-07-13,14486,0.25,107.00877391322618,4.25
2020-07-14,14512,0.25,107.00877391322618,4.25
2020-07-15,14616,0.25,107.00877391322618,4.25
2020-07-16,14632,0.25,107.00877391322618,4.0
2020-07-17,14780,0.25,107.00877391322618,4.0
2020-07-20,14832,0.25,107.00877391322618,4.0
2020-07-21,14813,0.25,107.00877391322618,4.0
2020-07-22,14655,0.25,107.00877391322618,4.0
2020-07-23,14669,0.25,107.00877391322618,4.0
2020-07-24,14614,0.25,107.00877391322618,4.0
2020-07-27,14605,0.25,107.00877391322618,4.0
2020-07-28,14543,0.25,107.00877391322618,4.0
2020-07-29,14570,0.25,107.00877391322618,4.0
2020-07-30,14653,0.25,107.00877391322618,4.0
2020-08-03,14713,0.25,106.95526952626957,4.0
2020-08-04,14697,0.25,106.95526952626957,4.0
2020-08-05,14623,0.25,106.95526952626957,4.0
2020-08-06,14587,0.25,106.95526952626957,4.0
2020-08-07,14647,0.25,106.95526952626957,4.0
2020-08-10,14750,0.25,106.95526952626957,4.0
2020-08-11,14728,0.25,106.95526952626957,4.0
2020-08-12,14777,0.25,106.95526952626957,4.0
2020-08-13,14877,0.25,106.95526952626957,4.0
2020-08-14,14917,0.25,106.95526952626957,4.0
2020-08-18,14907,0.25,106.95526952626957,4.0
2020-08-19,14786,0.25,106.95526952626957,4.0
2020-08-24,14794,0.25,106.95526952626957,4.0
2020-08-25,14632,0.25,106.95526952626957,4.0
2020-08-26,14636,0.25,106.95526952626957,4.0
2020-08-27,14714,0.25,106.95526952626957,4.0
2020-08-28,14702,0.25,106.95526952626957,4.0
2020-08-31,14554,0.25,106.95526952626957,4.0
2020-09-01,14615,0.25,106.90179189150643,4.0
2020-09-02,14804,0.25,106.90179189150643,4.0
2020-09-03,14818,0.25,106.90179189150643,4.0
2020-09-04,14792,0.25,106.90179189150643,4.0
2020-09-07,14754,0.25,106.90179189150643,4.0
2020-09-08,14798,0.25,106.90179189150643,4.0
2020-09-09,14853,0.25,106.90179189150643,4.0
2020-09-10,14871,0.25,106.90179189150643,4.0
2020-09-11,14979,0.25,106.90179189150643,4.0
2020-09-14,14974,0.25,106.90179189150643,4.0
2020-09-15,14870,0.25,106.90179189150643,4.0
2020-09-16,14844,0.25,106.90179189150643,4.0
2020-09-17,14878,0.25,106.90179189150643,4.0
2020-09-18,14768,0.25,106.90179189150643,4.0
2020-09-21,14723,0.25,106.90179189150643,4.0
2020-09-22,14782,0.25,106.90179189150643,4.0
2020-09-23,14835,0.25,106.90179189150643,4.0
2020-09-24,14949,0.25,106.90179189150643,4.0
2020-09-25,14951,0.25,106.90179189150643,4.0
2020-09-28,14959,0.25,106.90179189150643,4.0
2020-09-29,14920,0.25,106.90179189150643,4.0
2020-09-30,14918,0.25,106.90179189150643,4.0
2020-10-01,14876,0.25,106.97662314583047,4.0
2020-10-02,14890,0.25,106.97662314583047,4.0
2020-10-05,14867,0.25,106.97662314583047,4.0
2020-10-06,14712,0.25,106.97662314583047,4.0
2020-10-07,14784,0.25,106.97662314583047,4.0
2020-10-08,14750,0.25,106.97662314583047,4.0
2020-10-09,14737,0.25,106.97662314583047,4.0
2020-10-12,14746,0.25,106.97662314583047,4.0
2020-10-13,14793,0.25,106.97662314583047,4.0
2020-10-14,14780,0.25,106.97662314583047,4.0
2020-10-15,14760,0.25,106.97662314583047,4.0
2020-10-16,14766,0.25,106.97662314583047,4.0
2020-10-19,14741,0.25,106.97662314583047,4.0
2020-10-20,14729,0.25,106.97662314583047,4.0
2020-10-21,14658,0.25,106.97662314583047,4.0
2020-10-22,14697,0.25,106.97662314583047,4.0
2020-10-23,14738,0.25,106.97662314583047,4.0
2020-10-26,14697,0.25,106.97662314583047,4.0
2020-10-27,14690,0.25,106.97662314583047,4.0
2020-11-02,14718,0.25,107.27615769063878,4.0
2020-11-03,14609,0.25,107.27615769063878,4.0
2020-11-04,14557,0.25,107.27615769063878,4.0
2020-11-05,14439,0.25,107.27615769063878,4.0
2020-11-06,14321,0.25,107.27615769063878,4.0
2020-11-09,14172,0.25,107.27615769063878,4.0
2020-11-10,14015,0.25,107.27615769063878,4.0
2020-11-11,14076,0.25,107.27615769063878,4.0
2020-11-12,14187,0.25,107.27615769063878,4.0
2020-11-13,14222,0.25,107.27615769063878,4.0
2020-11-16,14139,0.25,107.27615769063878,4.0
2020-11-17,14073,0.25,107.27615769063878,4.0
2020-11-18,14118,0.25,107.27615769063878,4.0
2020-11-19,14167,0.25,107.27615769063878,3.75
2020-11-20,14228,0.25,107.27615769063878,3.75
2020-11-23,14164,0.25,107.27615769063878,3.75
2020-11-24,14196,0.25,107.27615769063878,3.75
2020-11-25,14169,0.25,107.27615769063878,3.75
2020-11-26,14130,0.25,107.27615769063878,3.75
2020-11-27,14145,0.25,107.27615769063878,3.75
2020-11-30,14128,0.25,107.27615769063878,3.75
2020-12-01,14178,0.25,107.75890040024665,3.75
2020-12-02,14164,0.25,107.75890040024665,3.75
2020-12-03,14177,0.25,107.75890040024665,3.75
2020-12-04,14182,0.25,107.75890040024665,3.75
2020-12-07,14135,0.25,107.75890040024665,3.75
2020-12-08,14164,0.25,107.75890040024665,3.75
2020-12-10,14130,0.25,107.75890040024665,3.75
2020-12-11,14102,0.25,107.75890040024665,3.75
2020-12-14,14158,0.25,107.75890040024665,3.75
2020-12-15,14171,0.25,107.75890040024665,3.75
2020-12-16,14151,0.25,107.75890040024665,3.75
2020-12-17,14152,0.25,107.75890040024665,3.75
2020-12-18,14146,0.25,107.75890040024665,3.75
2020-12-21,14180,0.25,107.75890040024665,3.75
2020-12-22,14218,0.25,107.75890040024665,3.75
2020-12-23,14282,0.25,107.75890040024665,3.75
2020-12-28,14184,0.25,107.75890040024665,3.75
2020-12-29,14169,0.25,107.75890040024665,3.75
2020-12-30,14105,0.25,107.75890040024665,3.75
2021-01-04,13903,0.25,108.03907354128728,3.75
2021-01-05,13945,0.25,108.03907354128728,3.75
2021-01-06,13926,0.25,108.03907354128728,3.75
2021-01-07,13938,0.25,108.03907354128728,3.75
2021-01-08,14058,0.25,108.03907354128728,3.75
2021-01-11,14155,0.25,108.03907354128728,3.75
2021-01-12,14231,0.25,108.03907354128728,3.75
2021-01-13,14109,0.25,108.03907354128728,3.75
2021-01-14,14119,0.25,108.03907354128728,3.75
2021-01-15,14068,0.25,108.03907354128728,3.75
2021-01-18,14080,0.25,108.03907354128728,3.75
2021-01-19,14086,0.25,108.03907354128728,3.75
2021-01-20,14065,0.25,108.03907354128728,3.75
2021-01-21,14039,0.25,108.03907354128728,3.75
2021-01-22,14054,0.25,108.03907354128728,3.75
2021-01-25,14082,0.25,108.03907354128728,3.75
2021-01-26,14086,0.25,108.03907354128728,3.75
2021-01-27,14091,0.25,108.03907354128728,3.75
2021-01-28,14119,0.25,108.03907354128728,3.75
2021-01-29,14084,0.25,108.03907354128728,3.75
2021-02-01,14042,0.25,108.14711261482854,3.75
2021-02-02,14044,0.25,108.14711261482854,3.75
2021-02-03,14017,0.25,108.14711261482854,3.75
2021-02-04,14036,0.25,108.14711261482854,3.75
2021-02-05,14062,0.25,108.14711261482854,3.75
2021-02-08,14000,0.25,108.14711261482854,3.75
2021-02-09,14000,0.25,108.14711261482854,3.75
2021-02-10,13989,0.25,108.14711261482854,3.75
2021-02-11,14011,0.25,108.14711261482854,3.75
2021-02-15,13946,0.25,108.14711261482854,3.75
2021-02-16,13875,0.25,108.14711261482854,3.75
2021-02-17,14019,0.25,108.14711261482854,3.75
2021-02-18,14059,0.25,108.14711261482854,3.5
2021-02-19,14085,0.25,108.14711261482854,3.5
2021-02-22,14098,0.25,108.14711261482854,3.5
2021-02-23,14126,0.25,108.14711261482854,3.5
2021-02-24,14089,0.25,108.14711261482854,3.5
2021-02-25,14104,0.25,108.14711261482854,3.5
2021-02-26,14229,0.25,108.14711261482854,3.5
2021-03-01,14300,0.25,108.2336303049204,3.5
2021-03-02,14307,0.25,108.2336303049204,3.5
2021-03-03,14334,0.25,108.2336303049204,3.5
2021-03-04,14299,0.25,108.2336303049204,3.5
2021-03-05,14371,0.25,108.2336303049204,3.5
2021-03-08,14390,0.25,108.2336303049204,3.5
2021-03-09,14468,0.25,108.2336303049204,3.5
2021-03-10,14421,0.25,108.2336303049204,3.5
2021-03-12,14371,0.25,108.2336303049204,3.5
2021-03-15,14418,0.25,108.2336303049204,3.5
2021-03-16,14424,0.25,108.2336303049204,3.5
2021-03-17,14459,0.25,108.2336303049204,3.5
2021-03-18,14412,0.25,108.2336303049204,3.5
2021-03-19,14476,0.25,108.2336303049204,3.5
2021-03-22,14456,0.25,108.2336303049204,3.5
2021-03-23,14421,0.25,108.2336303049204,3.5
2021-03-24,14455,0.25,108.2336303049204,3.5
2021-03-25,14464,0.25,108.2336303049204,3.5
2021-03-26,14446,0.25,108.2336303049204,3.5
2021-03-29,14434,0.25,108.2336303049204,3.5
2021-03-30,14481,0.25,108.2336303049204,3.5
2021-03-31,14572,0.25,108.2336303049204,3.5
2021-04-01,14577,0.25,108.3743340243168,3.5
2021-04-05,14533,0.25,108.3743340243168,3.5
2021-04-06,14519,0.25,108.3743340243168,3.5
2021-04-07,14513,0.25,108.3743340243168,3.5
2021-04-08,14580,0.25,108.3743340243168,3.5
2021-04-09,14580,0.25,108.3743340243168,3.5
2021-04-12,14631,0.25,108.3743340243168,3.5
2021-04-13,14648,0.25,108.3743340243168,3.5
2021-04-14,14633,0.25,108.3743340243168,3.5
2021-04-15,14646,0.25,108.3743340243168,3.5
2021-04-16,14592,0.25,108.3743340243168,3.5
2021-04-19,14568,0.25,108.3743340243168,3.5
2021-04-20,14508,0.25,108.3743340243168,3.5
2021-04-21,14549,0.25,108.3743340243168,3.5
2021-04-22,14530,0.25,108.3743340243168,3.5
2021-04-23,14548,0.25,108.3743340243168,3.5
2021-04-26,14489,0.25,108.3743340243168,3.5
2021-04-27,14497,0.25,108.3743340243168,3.5
2021-04-28,14510,0.25,108.3743340243168,3.5
2021-04-29,14468,0.25,108.3743340243168,3.5
2021-04-30,14453,0.25,108.3743340243168,3.5
2021-05-03,14467,0.25,108.72113189319461,3.5
2021-05-04,14431,0.25,108.72113189319461,3.5
2021-05-05,14439,0.25,108.72113189319461,3.5
2021-05-06,14364,0.25,108.72113189319461,3.5
2021-05-07,14289,0.25,108.72113189319461,3.5
2021-05-10,14198,0.25,108.72113189319461,3.5
2021-05-11,14203,0.25,108.72113189319461,3.5
2021-05-17,14284,0.25,108.72113189319461,3.5
2021-05-18,14300,0.25,108.72113189319461,3.5
2021-05-19,14313,0.25,108.72113189319461,3.5
2021-05-20,14396,0.25,108.72113189319461,3.5
2021-05-21,14375,0.25,108.72113189319461,3.5
2021-05-24,14362,0.25,108.72113189319461,3.5
2021-05-25,14335,0.25,108.72113189319461,3.5
2021-05-27,14312,0.25,108.72113189319461,3.5
2021-05-28,14310,0.25,108.72113189319461,3.5
2021-05-31,14292,0.25,108.72113189319461,3.5
2021-06-02,14276,0.25,108.5471780821655,3.5
2021-06-03,14297,0.25,108.5471780821655,3.5
2021-06-04,14316,0.25,108.5471780821655,3.5
2021-06-07,14271,0.25,108.5471780821655,3.5
2021-06-08,14262,0.25,108.5471780821655,3.5
2021-06-09,14262,0.25,108.5471780821655,3.5
2021-06-10,14240,0.25,108.5471780821655,3.5
2021-06-11,14206,0.25,108.5471780821655,3.5
2021-06-14,14222,0.25,108.5471780821655,3.5
2021-06-15,14244,0.25,108.5471780821655,3.5
2021-06-16,14257,0.25,108.5471780821655,3.5
2021-06-17,14378,0.25,108.5471780821655,3.5
2021-06-18,14403,0.25,108.5471780821655,3.5
2021-06-21,14453,0.25,108.5471780821655,3.5
2021-06-22,14421,0.25,108.5471780821655,3.5
2021-06-23,14454,0.25,108.5471780821655,3.5
2021-06-24,14462,0.25,108.5471780821655,3.5
2021-06-25,14447,0.25,108.5471780821655,3.5
2021-06-28,14472,0.25,108.5471780821655,3.5
2021-06-29,14496,0.25,108.5471780821655,3.5
2021-06-30,14542,0.25,108.5471780821655,3.5
2021-07-01,14539,0.25,108.63401582463122,3.5
2021-07-02,14564,0.25,108.63401582463122,3.5
2021-07-05,14482,0.25,108.63401582463122,3.5
2021-07-06,14468,0.25,108.63401582463122,3.5
2021-07-07,14500,0.25,108.63401582463122,3.5
2021-07-08,14548,0.25,108.63401582463122,3.5
2021-07-09,14548,0.25,108.63401582463122,3.5
2021-07-12,14486,0.25,108.63401582463122,3.5
2021-07-13,14486,0.25,108.63401582463122,3.5
2021-07-14,14493,0.25,108.63401582463122,3.5
2021-07-15,14503,0.25,108.63401582463122,3.5
2021-07-16,14517,0.25,108.63401582463122,3.5
2021-07-19,14524,0.25,108.63401582463122,3.5
2021-07-21,14554,0.25,108.63401582463122,3.5
2021-07-22,14508,0.25,108.63401582463122,3.5
2021-07-23,14501,0.25,108.63401582463122,3.5
2021-07-26,14494,0.25,108.63401582463122,3.5
2021-07-27,14489,0.25,108.63401582463122,3.5
2021-07-28,14498,0.25,108.63401582463122,3.5
2021-07-29,14491,0.25,108.63401582463122,3.5
2021-07-30,14462,0.25,108.63401582463122,3.5
2021-08-02,14456,0.25,108.66660602937861,3.5
2021-08-03,14362,0.25,108.66660602937861,3.5
2021-08-04,14324,0.25,108.66660602937861,3.5
2021-08-05,14342,0.25,108.66660602937861,3.5
2021-08-06,14369,0.25,108.66660602937861,3.5
2021-08-09,14378,0.25,108.66660602937861,3.5
2021-08-10,14397,0.25,108.66660602937861,3.5
2021-08-12,14389,0.25,108.66660602937861,3.5
2021-08-13,14388,0.25,108.66660602937861,3.5
2021-08-16,14383,0.25,108.66660602937861,3.5
2021-08-18,14384,0.25,108.66660602937861,3.5
2021-08-19,14414,0.25,108.66660602937861,3.5
2021-08-20,14464,0.25,108.66660602937861,3.5
2021-08-23,14415,0.25,108.66660602937861,3.5
2021-08-24,14391,0.25,108.66660602937861,3.5
2021-08-25,14408,0.25,108.66660602937861,3.5
2021-08-26,14423,0.25,108.66660602937861,3.5
2021-08-27,14431,0.25,108.66660602937861,3.5
2021-08-30,14374,0.25,108.66660602937861,3.5
2021-08-31,14306,0.25,108.66660602937861,3.5
2021-09-01,14284,0.25,108.62313938696686,3.5
2021-09-02,14281,0.25,108.62313938696686,3.5
2021-09-03,14261,0.25,108.62313938696686,3.5
2021-09-06,14239,0.25,108.62313938696686,3.5
2021-09-07,14195,0.25,108.62313938696686,3.5
2021-09-08,14266,0.25,108.62313938696686,3.5
2021-09-09,14272,0.25,108.62313938696686,3.5
2021-09-10,14225,0.25,108.62313938696686,3.5
2021-09-13,14260,0.25,108.62313938696686,3.5
2021-09-14,14257,0.25,108.62313938696686,3.5
2021-09-15,14252,0.25,108.62313938696686,3.5
2021-09-16,14238,0.25,108.62313938696686,3.5
2021-09-17,14233,0.25,108.62313938696686,3.5
2021-09-20,14251,0.25,108.62313938696686,3.5
2021-09-21,14244,0.25,108.62313938696686,3.5
2021-09-22,14249,0.25,108.62313938696686,3.5
2021-09-23,14256,0.25,108.62313938696686,3.5
2021-09-24,14250,0.25,108.62313938696686,3.5
2021-09-27,14258,0.25,108.62313938696686,3.5
2021-09-28,14269,0.25,108.62313938696686,3.5
2021-09-29,14307,0.25,108.62313938696686,3.5
2021-09-30,14321,0.25,108.62313938696686,3.5
2021-10-01,14315,0.25,108.75348715423124,3.5
2021-10-04,14276,0.25,108.75348715423124,3.5
2021-10-05,14260,0.25,108.75348715423124,3.5
2021-10-06,14245,0.25,108.75348715423124,3.5
2021-10-07,14238,0.25,108.75348715423124,3.5
2021-10-08,14225,0.25,108.75348715423124,3.5
2021-10-11,14210,0.25,108.75348715423124,3.5
2021-10-12,14217,0.25,108.75348715423124,3.5
2021-10-13,14221,0.25,108.75348715423124,3.5
2021-10-14,14155,0.25,108.75348715423124,3.5
2021-10-15,14084,0.25,108.75348715423124,3.5
2021-10-18,14096,0.25,108.75348715423124,3.5
2021-10-19,14080,0.25,108.75348715423124,3.5
2021-10-21,14133,0.25,108.75348715423124,3.5
2021-10-22,14162,0.25,108.75348715423124,3.5
2021-10-25,14183,0.25,108.75348715423124,3.5
2021-10-26,14165,0.25,108.75348715423124,3.5
2021-10-27,14184,0.25,108.75348715423124,3.5
2021-10-28,14199,0.25,108.75348715423124,3.5
2021-10-29,14171,0.25,108.75348715423124,3.5
2021-11-01,14235,0.25,109.1558750567019,3.5
2021-11-02,14261,0.25,109.1558750567019,3.5
2021-11-03,14301,0.25,109.1558750567019,3.5
2021-11-04,14327,0.25,109.1558750567019,3.5
2021-11-05,14374,0.25,109.1558750567019,3.5
2021-11-08,14268,0.25,109.1558750567019,3.5
2021-11-09,14233,0.25,109.1558750567019,3.5
2021-11-10,14253,0.25,109.1558750567019,3.5
2021-11-11,14288,0.25,109.1558750567019,3.5
2021-11-12,14243,0.25,109.1558750567019,3.5
2021-11-15,14206,0.25,109.1558750567019,3.5
2021-11-16,14211,0.25,109.1558750567019,3.5
2021-11-17,14259,0.25,109.1558750567019,3.5
2021-11-18,14231,0.25,109.1558750567019,3.5
2021-11-19,14237,0.25,109.1558750567019,3.5
2021-11-22,14255,0.25,109.1558750567019,3.5
2021-11-23,14272,0.25,109.1558750567019,3.5
2021-11-24,14272,0.25,109.1558750567019,3.5
2021-11-25,14280,0.25,109.1558750567019,3.5
2021-11-26,14280,0.25,109.1558750567019,3.5
2021-11-29,14340,0.25,109.1558750567019,3.5
2021-11-30,14320,0.25,109.1558750567019,3.5
2021-12-01,14353,0.25,109.77806354452511,3.5
2021-12-02,14378,0.25,109.77806354452511,3.5
2021-12-03,14408,0.25,109.77806354452511,3.5
2021-12-06,14441,0.25,109.77806354452511,3.5
2021-12-07,14408,0.25,109.77806354452511,3.5
2021-12-08,14348,0.25,109.77806354452511,3.5
2021-12-09,14351,0.25,109.77806354452511,3.5
2021-12-10,14378,0.25,109.77806354452511,3.5
2021-12-13,14346,0.25,109.77806354452511,3.5
2021-12-14,14348,0.25,109.77806354452511,3.5
2021-12-15,14337,0.25,109.77806354452511,3.5
2021-12-16,14343,0.25,109.77806354452511,3.5
2021-12-17,14343,0.25,109.77806354452511,3.5
2021-12-20,14384,0.25,109.77806354452511,3.5
2021-12-21,14349,0.25,109.77806354452511,3.5
2021-12-22,14264,0.25,109.77806354452511,3.5
2021-12-23,14251,0.25,109.77806354452511,3.5
2021-12-24,14219,0.25,109.77806354452511,3.5
2021-12-27,14225,0.25,109.77806354452511,3.5
2021-12-28,14237,0.25,109.77806354452511,3.5
2021-12-29,14265,0.25,109.77806354452511,3.5
2021-12-30,14269,0.25,109.77806354452511,3.5
2021-12-31,14278,0.25,109.77806354452511,3.5
2022-01-03,14270,0.25,110.39282070037446,3.5
2022-01-04,14310,0.25,110.39282070037446,3.5
2022-01-05,14365,0.25,110.39282070037446,3.5
2022-01-06,14396,0.25,110.39282070037446,3.5
2022-01-07,14360,0.25,110.39282070037446,3.5
2022-01-10,14323,0.25,110.39282070037446,3.5
2022-01-11,14299,0.25,110.39282070037446,3.5
2022-01-12,14302,0.25,110.39282070037446,3.5
2022-01-13,14311,0.25,110.39282070037446,3.5
2022-01-14,14310,0.25,110.39282070037446,3.5
2022-01-17,14323,0.25,110.39282070037446,3.5
2022-01-18,14325,0.25,110.39282070037446,3.5
2022-01-19,14370,0.25,110.39282070037446,3.5
2022-01-20,14354,0.25,110.39282070037446,3.5
2022-01-21,14347,0.25,110.39282070037446,3.5
2022-01-24,14327,0.25,110.39282070037446,3.5
2022-01-25,14358,0.25,110.39282070037446,3.5
2022-01-26,14346,0.25,110.39282070037446,3.5
2022-01-27,14385,0.25,110.39282070037446,3.5
2022-01-28,14381,0.25,110.39282070037446,3.5
2022-01-31,14392,0.25,110.39282070037446,3.5
2022-02-02,14347,0.25,110.37074213623438,3.5
2022-02-03,14381,0.25,110.37074213623438,3.5
2022-02-04,14376,0.25,110.37074213623438,3.5
2022-02-07,14404,0.25,110.37074213623438,3.5
2022-02-08,14385,0.25,110.37074213623438,3.5
2022-02-09,14366,0.25,110.37074213623438,3.5
2022-02-10,14344,0.25,110.37074213623438,3.5
2022-02-11,14359,0.25,110.37074213623438,3.5
2022-02-14,14338,0.25,110.37074213623438,3.5
2022-02-15,14292,0.25,110.37074213623438,3.5
2022-02-16,14278,0.25,110.37074213623438,3.5
2022-02-17,14301,0.25,110.37074213623438,3.5
2022-02-18,14339,0.25,110.37074213623438,3.5
2022-02-21,14329,0.25,110.37074213623438,3.5
2022-02-22,14362,0.25,110.37074213623438,3.5
2022-02-23,14355,0.25,110.37074213623438,3.5
2022-02-24,14371,0.25,110.37074213623438,3.5
2022-02-25,14369,0.25,110.37074213623438,3.5
2022-03-01,14350,0.25,111.09918903433353,3.5
2022-03-02,14373,0.25,111.09918903433353,3.5
2022-03-04,14383,0.25,111.09918903433353,3.5
2022-03-07,14411,0.25,111.09918903433353,3.5
2022-03-08,14394,0.25,111.09918903433353,3.5
2022-03-09,14371,0.25,111.09918903433353,3.5
2022-03-10,14298,0.25,111.09918903433353,3.5
2022-03-11,14306,0.25,111.09918903433353,3.5
2022-03-14,14328,0.25,111.09918903433353,3.5
2022-03-15,14321,0.25,111.09918903433353,3.5
2022-03-16,14311,0.25,111.09918903433353,3.5
2022-03-17,14290,0.5,111.09918903433353,3.5
2022-03-18,14340,0.5,111.09918903433353,3.5
2022-03-21,14341,0.5,111.09918903433353,3.5
2022-03-22,14358,0.5,111.09918903433353,3.5
2022-03-23,14351,0.5,111.09918903433353,3.5
2022-03-24,14361,0.5,111.09918903433353,3.5
2022-03-25,14341,0.5,111.09918903433353,3.5
2022-03-28,14360,0.5,111.09918903433353,3.5
2022-03-29,14364,0.5,111.09918903433353,3.5
2022-03-30,14349,0.5,111.09918903433353,3.5
2022-03-31,14357,0.5,111.09918903433353,3.5
2022-04-01,14364,0.5,112.1546313301597,3.5
2022-04-04,14362,0.5,112.1546313301597,3.5
2022-04-05,14348,0.5,112.1546313301597,3.5
2022-04-06,14364,0.5,112.1546313301597,3.5
2022-04-07,14359,0.5,112.1546313301597,3.5
2022-04-08,14365,0.5,112.1546313301597,3.5
2022-04-11,14370,0.5,112.1546313301597,3.5
2022-04-12,14364,0.5,112.1546313301597,3.5
2022-04-13,14359,0.5,112.1546313301597,3.5
2022-04-14,14349,0.5,112.1546313301597,3.5
2022-04-18,14356,0.5,112.1546313301597,3.5
2022-04-19,14347,0.5,112.1546313301597,3.5
2022-04-20,14351,0.5,112.1546313301597,3.5
2022-04-21,14348,0.5,112.1546313301597,3.5
2022-04-22,14361,0.5,112.1546313301597,3.5
2022-04-25,14452,0.5,112.1546313301597,3.5
2022-04-26,14412,0.5,112.1546313301597,3.5
2022-04-27,14418,0.5,112.1546313301597,3.5
2022-04-28,14480,0.5,112.1546313301597,3.5
2022-05-09,14534,1.0,112.60324985548034,3.5
2022-05-10,14546,1.0,112.60324985548034,3.5
2022-05-11,14546,1.0,112.60324985548034,3.5
2022-05-12,14585,1.0,112.60324985548034,3.5
2022-05-13,14619,1.0,112.60324985548034,3.5
2022-05-17,14651,1.0,112.60324985548034,3.5
2022-05-18,14682,1.0,112.60324985548034,3.5
2022-05-19,14731,1.0,112.60324985548034,3.5
2022-05-20,14661,1.0,112.60324985548034,3.5
2022-05-23,14665,1.0,112.60324985548034,3.5
2022-05-24,14653,1.0,112.60324985548034,3.5
2022-05-25,14645,1.0,112.60324985548034,3.5
2022-05-27,14578,1.0,112.60324985548034,3.5
2022-05-30,14544,1.0,112.60324985548034,3.5
2022-05-31,14592,1.0,112.60324985548034,3.5
2022-06-02,14526,1.0,113.29012967959878,3.5
2022-06-03,14431,1.0,113.29012967959878,3.5
2022-06-06,14462,1.0,113.29012967959878,3.5
2022-06-07,14464,1.0,113.29012967959878,3.5
2022-06-08,14477,1.0,113.29012967959878,3.5
2022-06-09,14555,1.0,113.29012967959878,3.5
2022-06-10,14569,1.0,113.29012967959878,3.5
2022-06-13,14672,1.0,113.29012967959878,3.5
2022-06-14,14729,1.0,113.29012967959878,3.5
2022-06-15,14746,1.0,113.29012967959878,3.5
2022-06-16,14741,1.75,113.29012967959878,3.5
2022-06-17,14828,1.75,113.29012967959878,3.5
2022-06-20,14836,1.75,113.29012967959878,3.5
2022-06-21,14804,1.75,113.29012967959878,3.5
2022-06-22,14860,1.75,113.29012967959878,3.5
2022-06-23,14835,1.75,113.29012967959878,3.5
2022-06-24,14846,1.75,113.29012967959878,3.5
2022-06-27,14802,1.75,113.29012967959878,3.5
2022-06-28,14837,1.75,113.29012967959878,3.5
2022-06-29,14848,1.75,113.29012967959878,3.5
2022-06-30,14882,1.75,113.29012967959878,3.5
2022-07-01,14956,1.75,114.0151865095482,3.5
2022-07-04,14960,1.75,114.0151865095482,3.5
2022-07-05,14990,1.75,114.0151865095482,3.5
2022-07-06,15015,1.75,114.0151865095482,3.5
2022-07-07,14986,1.75,114.0151865095482,3.5
2022-07-08,14981,1.75,114.0151865095482,3.5
2022-07-11,14969,1.75,114.0151865095482,3.5
2022-07-12,14993,1.75,114.0151865095482,3.5
2022-07-13,14985,1.75,114.0151865095482,3.5
2022-07-14,14999,1.75,114.0151865095482,3.5
2022-07-15,14999,1.75,114.0151865095482,3.5
2022-07-18,14986,1.75,114.0151865095482,3.5
2022-07-19,14992,1.75,114.0151865095482,3.5
2022-07-20,14984,1.75,114.0151865095482,3.5
2022-07-21,15017,1.75,114.0151865095482,3.5
2022-07-22,15024,1.75,114.0151865095482,3.5
2022-07-25,14992,1.75,114.0151865095482,3.5
2022-07-26,14984,1.75,114.0151865095482,3.5
2022-07-27,15020,1.75,114.0151865095482,3.5
2022-07-28,14958,2.5,114.0151865095482,3.5
2022-07-29,14860,2.5,114.0151865095482,3.5
2022-08-01,14874,2.5,113.77575461787815,3.5
2022-08-02,14888,2.5,113.77575461787815,3.5
2022-08-03,14917,2.5,113.77575461787815,3.5
2022-08-04,14929,2.5,113.77575461787815,3.5
2022-08-05,14904,2.5,113.77575461787815,3.5
2022-08-08,14915,2.5,113.77575461787815,3.5
2022-08-09,14862,2.5,113.77575461787815,3.5
2022-08-10,14875,2.5,113.77575461787815,3.5
2022-08-11,14799,2.5,113.77575461787815,3.5
2022-08-12,14688,2.5,113.77575461787815,3.5
2022-08-15,14727,2.5,113.77575461787815,3.5
2022-08-16,14767,2.5,113.77575461787815,3.5
2022-08-18,14822,2.5,113.77575461787815,3.5
2022-08-19,14858,2.5,113.77575461787815,3.5
2022-08-22,14882,2.5,113.77575461787815,3.5
2022-08-23,14893,2.5,113.77575461787815,3.75
2022-08-24,14851,2.5,113.77575461787815,3.75
2022-08-25,14827,2.5,113.77575461787815,3.75
2022-08-26,14814,2.5,113.77575461787815,3.75
2022-08-29,14887,2.5,113.77575461787815,3.75
2022-08-30,14875,2.5,113.77575461787815,3.75
2022-08-31,14853,2.5,113.77575461787815,3.75
2022-09-01,14884,2.5,115.10693094690731,3.75
2022-09-02,14900,2.5,115.10693094690731,3.75
2022-09-05,14920,2.5,115.10693094690731,3.75
2022-09-06,14885,2.5,115.10693094690731,3.75
2022-09-07,14927,2.5,115.10693094690731,3.75
2022-09-08,14905,2.5,115.10693094690731,3.75
2022-09-09,14846,2.5,115.10693094690731,3.75
2022-09-12,14839,2.5,115.10693094690731,3.75
2022-09-13,14861,2.5,115.10693094690731,3.75
2022-09-14,14923,2.5,115.10693094690731,3.75
2022-09-15,14899,2.5,115.10693094690731,3.75
2022-09-16,14939,2.5,115.10693094690731,3.75
2022-09-19,14980,2.5,115.10693094690731,3.75
2022-09-20,14975,2.5,115.10693094690731,3.75
2022-09-21,15011,2.5,115.10693094690731,3.75
2022-09-22,15033,3.25,115.10693094690731,4.25
2022-09-23,15035,3.25,115.10693094690731,4.25
2022-09-26,15119,3.25,115.10693094690731,4.25
2022-09-27,15155,3.25,115.10693094690731,4.25
2022-09-28,15243,3.25,115.10693094690731,4.25
2022-09-29,15247,3.25,115.10693094690731,4.25
2022-09-30,15232,3.25,115.10693094690731,4.25
2022-10-03,15293,3.25,114.98031332286571,4.25
2022-10-04,15276,3.25,114.98031332286571,4.25
2022-10-05,15196,3.25,114.98031332286571,4.25
2022-10-06,15197,3.25,114.98031332286571,4.25
2022-10-07,15246,3.25,114.98031332286571,4.25
2022-10-10,15299,3.25,114.98031332286571,4.25
2022-10-11,15362,3.25,114.98031332286571,4.25
2022-10-12,15373,3.25,114.98031332286571,4.25
2022-10-13,15357,3.25,114.98031332286571,4.25
2022-10-14,15390,3.25,114.98031332286571,4.25
2022-10-17,15480,3.25,114.98031332286571,4.25
2022-10-18,15469,3.25,114.98031332286571,4.25
2022-10-19,15491,3.25,114.98031332286571,4.25
2022-10-20,15579,3.25,114.98031332286571,4.75
2022-10-21,15610,3.25,114.98031332286571,4.75
2022-10-24,15590,3.25,114.98031332286571,4.75
2022-10-25,15616,3.25,114.98031332286571,4.75
2022-10-26,15596,3.25,114.98031332286571,4.75
2022-10-27,15573,3.25,114.98031332286571,4.75
2022-10-28,15542,3.25,114.98031332286571,4.75
2022-10-31,15596,3.25,114.98031332286571,4.75
2022-11-01,15647,3.25,115.08379560485629,4.75
2022-11-02,15652,3.25,115.08379560485629,4.75
2022-11-03,15681,4.0,115.08379560485629,4.75
2022-11-04,15736,4.0,115.08379560485629,4.75
2022-11-07,15692,4.0,115.08379560485629,4.75
2022-11-08,15684,4.0,115.08379560485629,4.75
2022-11-09,15654,4.0,115.08379560485629,4.75
2022-11-10,15701,4.0,115.08379560485629,4.75
2022-11-11,15493,4.0,115.08379560485629,4.75
2022-11-14,15499,4.0,115.08379560485629,4.75
2022-11-15,15564,4.0,115.08379560485629,4.75
2022-11-16,15610,4.0,115.08379560485629,4.75
2022-11-17,15687,4.0,115.08379560485629,5.25
2022-11-18,15692,4.0,115.08379560485629,5.25
2022-11-21,15707,4.0,115.08379560485629,5.25
2022-11-22,15716,4.0,115.08379560485629,5.25
2022-11-23,15700,4.0,115.08379560485629,5.25
2022-11-24,15647,4.0,115.08379560485629,5.25
2022-11-25,15668,4.0,115.08379560485629,5.25
2022-11-28,15729,4.0,115.08379560485629,5.25
2022-11-29,15737,4.0,115.08379560485629,5.25
2022-11-30,15742,4.0,115.08379560485629,5.25
2022-12-01,15617,4.0,115.84334865584833,5.25
2022-12-02,15429,4.0,115.84334865584833,5.25
2022-12-05,15409,4.0,115.84334865584833,5.25
2022-12-06,15576,4.0,115.84334865584833,5.25
2022-12-07,15619,4.0,115.84334865584833,5.25
2022-12-08,15624,4.0,115.84334865584833,5.25
2022-12-09,15587,4.0,115.84334865584833,5.25
2022-12-12,15642,4.0,115.84334865584833,5.25
2022-12-13,15661,4.0,115.84334865584833,5.25
2022-12-14,15619,4.0,115.84334865584833,5.25
2022-12-15,15630,4.5,115.84334865584833,5.25
2022-12-16,15617,4.5,115.84334865584833,5.25
2022-12-19,15621,4.5,115.84334865584833,5.25
2022-12-20,15608,4.5,115.84334865584833,5.25
2022-12-21,15601,4.5,115.84334865584833,5.25
2022-12-22,15594,4.5,115.84334865584833,5.5
2022-12-23,15605,4.5,115.84334865584833,5.5
2022-12-26,15636,4.5,115.84334865584833,5.5
2022-12-27,15659,4.5,115.84334865584833,5.5
2022-12-28,15703,4.5,115.84334865584833,5.5
2022-12-29,15731,4.5,115.84334865584833,5.5
2022-12-30,15592,4.5,115.84334865584833,5.5
2023-01-02,15572,4.5,116.23721604127823,5.5
2023-01-03,15590,4.5,116.23721604127823,5.5
2023-01-04,15615,4.5,116.23721604127823,5.5
2023-01-05,15610,4.5,116.23721604127823,5.5
2023-01-06,15635,4.5,116.23721604127823,5.5
2023-01-09,15574,4.5,116.23721604127823,5.5
2023-01-10,15589,4.5,116.23721604127823,5.5
2023-01-11,15527,4.5,116.23721604127823,5.5
2023-01-12,15366,4.5,116.23721604127823,5.5
2023-01-13,15177,4.5,116.23721604127823,5.5
2023-01-16,15019,4.5,116.23721604127823,5.5
2023-01-17,15154,4.5,116.23721604127823,5.5
2023-01-18,15137,4.5,116.23721604127823,5.5
2023-01-19,15113,4.5,116.23721604127823,5.75
2023-01-20,15121,4.5,116.23721604127823,5.75
2023-01-24,14930,4.5,116.23721604127823,5.75
2023-01-25,14958,4.5,116.23721604127823,5.75
2023-01-26,14964,4.5,116.23721604127823,5.75
2023-01-27,14978,4.5,116.23721604127823,5.75
2023-01-30,14979,4.5,116.23721604127823,5.75
2023-01-31,14992,4.5,116.23721604127823,5.75
2023-02-01,14991,4.5,116.42319558694429,5.75
2023-02-02,14868,4.75,116.42319558694429,5.75
2023-02-03,14898,4.75,116.42319558694429,5.75
2023-02-06,15055,4.75,116.42319558694429,5.75
2023-02-07,15139,4.75,116.42319558694429,5.75
2023-02-08,15122,4.75,116.42319558694429,5.75
2023-02-09,15120,4.75,116.42319558694429,5.75
2023-02-10,15140,4.75,116.42319558694429,5.75
2023-02-13,15216,4.75,116.42319558694429,5.75
2023-02-14,15168,4.75,116.42319558694429,5.75
2023-02-15,15194,4.75,116.42319558694429,5.75
2023-02-16,15176,4.75,116.42319558694429,5.75
2023-02-17,15199,4.75,116.42319558694429,5.75
2023-02-20,15168,4.75,116.42319558694429,5.75
2023-02-21,15179,4.75,116.42319558694429,5.75
2023-02-22,15218,4.75,116.42319558694429,5.75
2023-02-23,15187,4.75,116.42319558694429,5.75
2023-02-24,15216,4.75,116.42319558694429,5.75
2023-02-27,15274,4.75,116.42319558694429,5.75
2023-02-28,15240,4.75,116.42319558694429,5.75
2023-03-01,15250,4.75,116.6327573390008,5.75
2023-03-02,15273,4.75,116.6327573390008,5.75
2023-03-03,15306,4.75,116.6327573390008,5.75
2023-03-06,15301,4.75,116.6327573390008,5.75
2023-03-07,15359,4.75,116.6327573390008,5.75
2023-03-08,15451,4.75,116.6327573390008,5.75
2023-03-09,15438,4.75,116.6327573390008,5.75
2023-03-10,15468,4.75,116.6327573390008,5.75
2023-03-13,15374,4.75,116.6327573390008,5.75
2023-03-14,15380,4.75,116.6327573390008,5.75
2023-03-15,15365,4.75,116.6327573390008,5.75
2023-03-16,15418,4.75,116.6327573390008,5.75
2023-03-17,15364,4.75,116.6327573390008,5.75
2023-03-20,15372,4.75,116.6327573390008,5.75
2023-03-21,15349,4.75,116.6327573390008,5.75
2023-03-24,15189,5.0,116.6327573390008,5.75
2023-03-27,15174,5.0,116.6327573390008,5.75
2023-03-28,15088,5.0,116.6327573390008,5.75
2023-03-29,15094,5.0,116.6327573390008,5.75
2023-03-30,15062,5.0,116.6327573390008,5.75
2023-03-31,14977,5.0,116.6327573390008,5.75
2023-04-03,14990,5.0,117.0176454382195,5.75
2023-04-04,14913,5.0,117.0176454382195,5.75
2023-04-05,14933,5.0,117.0176454382195,5.75
2023-04-06,14943,5.0,117.0176454382195,5.75
2023-04-10,14905,5.0,117.0176454382195,5.75
2023-04-11,14888,5.0,117.0176454382195,5.75
2023-04-12,14866,5.0,117.0176454382195,5.75
2023-04-13,14792,5.0,117.0176454382195,5.75
2023-04-14,14666,5.0,117.0176454382195,5.75
2023-04-17,14773,5.0,117.0176454382195,5.75
2023-04-18,14855,5.0,117.0176454382195,5.75
2023-04-26,14882,5.0,117.0176454382195,5.75
2023-04-27,14751,5.0,117.0176454382195,5.75
2023-04-28,14661,5.0,117.0176454382195,5.75
2023-05-02,14703,5.0,117.1229613191139,5.75
2023-05-03,14706,5.0,117.1229613191139,5.75
2023-05-04,14632,5.25,117.1229613191139,5.75
2023-05-05,14674,5.25,117.1229613191139,5.75
2023-05-08,14709,5.25,117.1229613191139,5.75
2023-05-09,14757,5.25,117.1229613191139,5.75
2023-05-10,14746,5.25,117.1229613191139,5.75
2023-05-11,14722,5.25,117.1229613191139,5.75
2023-05-12,14752,5.25,117.1229613191139,5.75
2023-05-15,14812,5.25,117.1229613191139,5.75
2023-05-16,14810,5.25,117.1229613191139,5.75
2023-05-17,14875,5.25,117.1229613191139,5.75
2023-05-19,14936,5.25,117.1229613191139,5.75
2023-05-22,14897,5.25,117.1229613191139,5.75
2023-05-23,14878,5.25,117.1229613191139,5.75
2023-05-24,14905,5.25,117.1229613191139,5.75
2023-05-25,14952,5.25,117.1229613191139,5.75
2023-05-26,14959,5.25,117.1229613191139,5.75
2023-05-29,14973,5.25,117.1229613191139,5.75
2023-05-30,14969,5.25,117.1229613191139,5.75
2023-05-31,15003,5.25,117.1229613191139,5.75
2023-06-05,14888,5.25,117.28693346496067,5.75
2023-06-06,14839,5.25,117.28693346496067,5.75
2023-06-07,14875,5.25,117.28693346496067,5.75
2023-06-08,14903,5.25,117.28693346496067,5.75
2023-06-09,14853,5.25,117.28693346496067,5.75
2023-06-12,14874,5.25,117.28693346496067,5.75
2023-06-13,14868,5.25,117.28693346496067,5.75
2023-06-14,14895,5.25,117.28693346496067,5.75
2023-06-15,14943,5.25,117.28693346496067,5.75
2023-06-16,14945,5.25,117.28693346496067,5.75
2023-06-19,14994,5.25,117.28693346496067,5.75
2023-06-20,15040,5.25,117.28693346496067,5.75
2023-06-21,14982,5.25,117.28693346496067,5.75
2023-06-22,14918,5.25,117.28693346496067,5.75
2023-06-23,14998,5.25,117.28693346496067,5.75
2023-06-26,15026,5.25,117.28693346496067,5.75
2023-06-27,15000,5.25,117.28693346496067,5.75
2023-07-03,15034,5.25,117.53323602523709,5.75
2023-07-04,15018,5.25,117.53323602523709,5.75
2023-07-05,15013,5.25,117.53323602523709,5.75
2023-07-06,15062,5.25,117.53323602523709,5.75
2023-07-07,15136,5.25,117.53323602523709,5.75
2023-07-10,15192,5.25,117.53323602523709,5.75
2023-07-11,15162,5.25,117.53323602523709,5.75
2023-07-12,15084,5.25,117.53323602523709,5.75
2023-07-13,14978,5.25,117.53323602523709,5.75
2023-07-14,14945,5.25,117.53323602523709,5.75
2023-07-17,15007,5.25,117.53323602523709,5.75
2023-07-18,14994,5.25,117.53323602523709,5.75
2023-07-20,14991,5.25,117.53323602523709,5.75
2023-07-21,15026,5.25,117.53323602523709,5.75
2023-07-24,15028,5.25,117.53323602523709,5.75
2023-07-25,15007,5.25,117.53323602523709,5.75
2023-07-26,15032,5.25,117.53323602523709,5.75
2023-07-27,15003,5.5,117.53323602523709,5.75
2023-07-28,15083,5.5,117.53323602523709,5.75
2023-07-31,15092,5.5,117.53323602523709,5.75
2023-08-01,15117,5.5,117.50972937803203,5.75
2023-08-02,15171,5.5,117.50972937803203,5.75
2023-08-03,15198,5.5,117.50972937803203,5.75
2023-08-04,15168,5.5,117.50972937803203,5.75
2023-08-07,15178,5.5,117.50972937803203,5.75
2023-08-08,15229,5.5,117.50972937803203,5.75
2023-08-09,15206,5.5,117.50972937803203,5.75
2023-08-10,15204,5.5,117.50972937803203,5.75
2023-08-11,15225,5.5,117.50972937803203,5.75
2023-08-14,15323,5.5,117.50972937803203,5.75
2023-08-15,15346,5.5,117.50972937803203,5.75
2023-08-16,15308,5.5,117.50972937803203,5.75
2023-08-18,15308,5.5,117.50972937803203,5.75
2023-08-21,15329,5.5,117.50972937803203,5.75
2023-08-22,15326,5.5,117.50972937803203,5.75
2023-08-23,15319,5.5,117.50972937803203,5.75
2023-08-24,15253,5.5,117.50972937803203,5.75
2023-08-25,15297,5.5,117.50972937803203,5.75
2023-08-28,15294,5.5,117.50972937803203,5.75
2023-08-29,15263,5.5,117.50972937803203,5.75
2023-08-30,15239,5.5,117.50972937803203,5.75
2023-08-31,15237,5.5,117.50972937803203,5.75
2023-09-01,15252,5.5,117.7329978638503,5.75
2023-09-04,15247,5.5,117.7329978638503,5.75
2023-09-05,15260,5.5,117.7329978638503,5.75
2023-09-06,15307,5.5,117.7329978638503,5.75
2023-09-07,15334,5.5,117.7329978638503,5.75
2023-09-08,15341,5.5,117.7329978638503,5.75
2023-09-11,15352,5.5,117.7329978638503,5.75
2023-09-12,15344,5.5,117.7329978638503,5.75
2023-09-13,15367,5.5,117.7329978638503,5.75
2023-09-14,15357,5.5,117.7329978638503,5.75
2023-09-15,15367,5.5,117.7329978638503,5.75
2023-09-18,15373,5.5,117.7329978638503,5.75
2023-09-19,15381,5.5,117.7329978638503,5.75
2023-09-20,15396,5.5,117.7329978638503,5.75
2023-09-21,15397,5.5,117.7329978638503,5.75
2023-09-22,15383,5.5,117.7329978638503,5.75
2023-09-25,15399,5.5,117.7329978638503,5.75
2023-09-26,15464,5.5,117.7329978638503,5.75
2023-09-27,15526,5.5,117.7329978638503,5.75
2023-09-29,15487,5.5,117.7329978638503,5.75
2023-10-02,15519,5.5,117.93314396021886,5.75
2023-10-03,15600,5.5,117.93314396021886,5.75
2023-10-04,15636,5.5,117.93314396021886,5.75
2023-10-05,15601,5.5,117.93314396021886,5.75
2023-10-06,15628,5.5,117.93314396021886,5.75
2023-10-09,15675,5.5,117.93314396021886,5.75
2023-10-10,15708,5.5,117.93314396021886,5.75
2023-10-11,15710,5.5,117.93314396021886,5.75
2023-10-12,15702,5.5,117.93314396021886,5.75
2023-10-13,15709,5.5,117.93314396021886,5.75
2023-10-16,15716,5.5,117.93314396021886,5.75
2023-10-17,15718,5.5,117.93314396021886,5.75
2023-10-18,15731,5.5,117.93314396021886,5.75
2023-10-19,15838,5.5,117.93314396021886,6.0
2023-10-20,15856,5.5,117.93314396021886,6.0
2023-10-23,15943,5.5,117.93314396021886,6.0
2023-10-24,15869,5.5,117.93314396021886,6.0
2023-10-25,15871,5.5,117.93314396021886,6.0
2023-10-26,15933,5.5,117.93314396021886,6.0
2023-10-27,15941,5.5,117.93314396021886,6.0
2023-10-30,15916,5.5,117.93314396021886,6.0
2023-10-31,15897,5.5,117.93314396021886,6.0
2023-11-01,15946,5.5,118.38128990726769,6.0
2023-11-02,15861,5.5,118.38128990726769,6.0
2023-11-03,15771,5.5,118.38128990726769,6.0
2023-11-06,15550,5.5,118.38128990726769,6.0
2023-11-07,15593,5.5,118.38128990726769,6.0
2023-11-08,15629,5.5,118.38128990726769,6.0
2023-11-09,15649,5.5,118.38128990726769,6.0
2023-11-10,15693,5.5,118.38128990726769,6.0
2023-11-13,15713,5.5,118.38128990726769,6.0
2023-11-14,15699,5.5,118.38128990726769,6.0
2023-11-15,15503,5.5,118.38128990726769,6.0
2023-11-16,15595,5.5,118.38128990726769,6.0
2023-11-17,15504,5.5,118.38128990726769,6.0
2023-11-20,15419,5.5,118.38128990726769,6.0
2023-11-21,15436,5.5,118.38128990726769,6.0
2023-11-22,15584,5.5,118.38128990726769,6.0
2023-11-23,15593,5.5,118.38128990726769,6.0
2023-11-24,15587,5.5,118.38128990726769,6.0
2023-11-27,15527,5.5,118.38128990726769,6.0
2023-11-28,15450,5.5,118.38128990726769,6.0
2023-11-29,15384,5.5,118.38128990726769,6.0
2023-11-30,15484,5.5,118.38128990726769,6.0
2023-12-01,15524,5.5,118.86665319588747,6.0
2023-12-04,15446,5.5,118.86665319588747,6.0
2023-12-05,15504,5.5,118.86665319588747,6.0
2023-12-06,15504,5.5,118.86665319588747,6.0
2023-12-07,15536,5.5,118.86665319588747,6.0
2023-12-08,15500,5.5,118.86665319588747,6.0
2023-12-11,15614,5.5,118.86665319588747,6.0
2023-12-12,15631,5.5,118.86665319588747,6.0
2023-12-13,15629,5.5,118.86665319588747,6.0
2023-12-14,15493,5.5,118.86665319588747,6.0
2023-12-15,15503,5.5,118.86665319588747,6.0
2023-12-18,15516,5.5,118.86665319588747,6.0
2023-12-19,15506,5.5,118.86665319588747,6.0
2023-12-20,15512,5.5,118.86665319588747,6.0
2023-12-21,15533,5.5,118.86665319588747,6.0
2023-12-22,15489,5.5,118.86665319588747,6.0
2023-12-27,15414,5.5,118.86665319588747,6.0
2023-12-28,15416,5.5,118.86665319588747,6.0
2023-12-29,15439,5.5,118.86665319588747,6.0
2024-01-02,15473,5.5,118.91419985716583,6.0
2024-01-03,15495,5.5,118.91419985716583,6.0
2024-01-04,15525,5.5,118.91419985716583,6.0
2024-01-05,15518,5.5,118.91419985716583,6.0
2024-01-08,15522,5.5,118.91419985716583,6.0
2024-01-09,15518,5.5,118.91419985716583,6.0
2024-01-10,15568,5.5,118.91419985716583,6.0
2024-01-11,15558,5.5,118.91419985716583,6.0
2024-01-12,15559,5.5,118.91419985716583,6.0
2024-01-15,15555,5.5,118.91419985716583,6.0
2024-01-16,15592,5.5,118.91419985716583,6.0
2024-01-17,15639,5.5,118.91419985716583,6.0
2024-01-18,15630,5.5,118.91419985716583,6.0
2024-01-19,15628,5.5,118.91419985716583,6.0
2024-01-22,15627,5.5,118.91419985716583,6.0
2024-01-23,15656,5.5,118.91419985716583,6.0
2024-01-24,15719,5.5,118.91419985716583,6.0
2024-01-25,15767,5.5,118.91419985716583,6.0
2024-01-26,15829,5.5,118.91419985716583,6.0
2024-01-29,15825,5.5,118.91419985716583,6.0
2024-01-30,15796,5.5,118.91419985716583,6.0
2024-01-31,15803,5.5,118.91419985716583,6.0
2024-02-01,15775,5.5,119.35418239663736,6.0
2024-02-02,15688,5.5,119.35418239663736,6.0
2024-02-05,15705,5.5,119.35418239663736,6.0
2024-02-06,15734,5.5,119.35418239663736,6.0
2024-02-07,15685,5.5,119.35418239663736,6.0
2024-02-12,15612,5.5,119.35418239663736,6.0
2024-02-13,15585,5.5,119.35418239663736,6.0
2024-02-15,15606,5.5,119.35418239663736,6.0
2024-02-16,15654,5.5,119.35418239663736,6.0
2024-02-19,15630,5.5,119.35418239663736,6.0
2024-02-20,15659,5.5,119.35418239663736,6.0
2024-02-21,15658,5.5,119.35418239663736,6.0
2024-02-22,15630,5.5,119.35418239663736,6.0
2024-02-23,15589,5.5,119.35418239663736,6.0
2024-02-26,15635,5.5,119.35418239663736,6.0
2024-02-27,15655,5.5,119.35418239663736,6.0
2024-02-28,15673,5.5,119.35418239663736,6.0
2024-02-29,15715,5.5,119.35418239663736,6.0
2024-03-01,15696,5.5,119.97482414509987,6.0
2024-03-04,15723,5.5,119.97482414509987,6.0
2024-03-05,15756,5.5,119.97482414509987,6.0
2024-03-06,15723,5.5,119.97482414509987,6.0
2024-03-07,15658,5.5,119.97482414509987,6.0
2024-03-08,15603,5.5,119.97482414509987,6.0
2024-03-13,15576,5.5,119.97482414509987,6.0
2024-03-14,15582,5.5,119.97482414509987,6.0
2024-03-15,15624,5.5,119.97482414509987,6.0
2024-03-18,15672,5.5,119.97482414509987,6.0
2024-03-19,15712,5.5,119.97482414509987,6.0
2024-03-20,15727,5.5,119.97482414509987,6.0
2024-03-21,15662,5.5,119.97482414509987,6.0
2024-03-22,15773,5.5,119.97482414509987,6.0
2024-03-25,15795,5.5,119.97482414509987,6.0
2024-03-26,15797,5.5,119.97482414509987,6.0
2024-03-27,15853,5.5,119.97482414509987,6.0
2024-03-28,15873,5.5,119.97482414509987,6.0
2024-04-01,15909,5.5,120.27476120546264,6.0
2024-04-02,15934,5.5,120.27476120546264,6.0
2024-04-03,15923,5.5,120.27476120546264,6.0
2024-04-04,15907,5.5,120.27476120546264,6.0
2024-04-05,15873,5.5,120.27476120546264,6.0
2024-04-16,16176,5.5,120.27476120546264,6.0
2024-04-17,16240,5.5,120.27476120546264,6.0
2024-04-18,16177,5.5,120.27476120546264,6.0
2024-04-19,16280,5.5,120.27476120546264,6.0
2024-04-22,16224,5.5,120.27476120546264,6.0
2024-04-23,16244,5.5,120.27476120546264,6.0
2024-04-24,16161,5.5,120.27476120546264,6.25
2024-04-25,16208,5.5,120.27476120546264,6.25
2024-04-26,16222,5.5,120.27476120546264,6.25
2024-04-29,16249,5.5,120.27476120546264,6.25
2024-04-30,16276,5.5,120.27476120546264,6.25
2024-05-02,16202,5.5,120.238678777101,6.25
2024-05-03,16094,5.5,120.238678777101,6.25
2024-05-06,16025,5.5,120.238678777101,6.25
2024-05-07,16054,5.5,120.238678777101,6.25
2024-05-08,16081,5.5,120.238678777101,6.25
2024-05-13,16085,5.5,120.238678777101,6.25
2024-05-14,16131,5.5,120.238678777101,6.25
2024-05-15,16070,5.5,120.238678777101,6.25
2024-05-16,15944,5.5,120.238678777101,6.25
2024-05-17,15978,5.5,120.238678777101,6.25
2024-05-20,15980,5.5,120.238678777101,6.25
2024-05-21,16024,5.5,120.238678777101,6.25
2024-05-22,15995,5.5,120.238678777101,6.25
2024-05-27,16064,5.5,120.238678777101,6.25
2024-05-28,16095,5.5,120.238678777101,6.25
2024-05-29,16160,5.5,120.238678777101,6.25
2024-05-30,16253,5.5,120.238678777101,6.25
2024-05-31,16251,5.5,120.238678777101,6.25
2024-06-03,16225,5.5,120.1424878340793,6.25
2024-06-04,16220,5.5,120.1424878340793,6.25
2024-06-05,16282,5.5,120.1424878340793,6.25
2024-06-06,16279,5.5,120.1424878340793,6.25
2024-06-07,16218,5.5,120.1424878340793,6.25
2024-06-10,16290,5.5,120.1424878340793,6.25
2024-06-11,16295,5.5,120.1424878340793,6.25
2024-06-12,16297,5.5,120.1424878340793,6.25
2024-06-13,16286,5.5,120.1424878340793,6.25
2024-06-14,16374,5.5,120.1424878340793,6.25
2024-06-19,16368,5.5,120.1424878340793,6.25
2024-06-20,16420,5.5,120.1424878340793,6.25
2024-06-21,16458,5.5,120.1424878340793,6.25
2024-06-24,16431,5.5,120.1424878340793,6.25
2024-06-25,16379,5.5,120.1424878340793,6.25
2024-06-26,16435,5.5,120.1424878340793,6.25
2024-06-27,16421,5.5,120.1424878340793,6.25
2024-06-28,16394,5.5,120.1424878340793,6.25
2024-07-01,16355,5.5,119.92623135597795,6.25
2024-07-02,16384,5.5,119.92623135597795,6.25
2024-07-03,16387,5.5,119.92623135597795,6.25
2024-07-04,16341,5.5,119.92623135597795,6.25
2024-07-05,16312,5.5,119.92623135597795,6.25
2024-07-08,16265,5.5,119.92623135597795,6.25
2024-07-09,16281,5.5,119.92623135597795,6.25
2024-07-10,16256,5.5,119.92623135597795,6.25
2024-07-11,16200,5.5,119.92623135597795,6.25
2024-07-12,16154,5.5,119.92623135597795,6.25
2024-07-15,16174,5.5,119.92623135597795,6.25
2024-07-16,16203,5.5,119.92623135597795,6.25
2024-07-17,16129,5.5,119.92623135597795,6.25
2024-07-18,16160,5.5,119.92623135597795,6.25
2024-07-19,16199,5.5,119.92623135597795,6.25
2024-07-22,16228,5.5,119.92623135597795,6.25
2024-07-23,16204,5.5,119.92623135597795,6.25
2024-07-24,16224,5.5,119.92623135597795,6.25
2024-07-25,16268,5.5,119.92623135597795,6.25
2024-07-26,16294,5.5,119.92623135597795,6.25
2024-07-29,16286,5.5,119.92623135597795,6.25
2024-07-30,16320,5.5,119.92623135597795,6.25
2024-07-31,16294,5.5,119.92623135597795,6.25
2024-08-01,16243,5.5,119.89025348657117,6.25
2024-08-02,16234,5.5,119.89025348657117,6.25
2024-08-05,16154,5.5,119.89025348657117,6.25
2024-08-06,16183,5.5,119.89025348657117,6.25
2024-08-07,16100,5.5,119.89025348657117,6.25
2024-08-08,15952,5.5,119.89025348657117,6.25
2024-08-09,15914,5.5,119.89025348657117,6.25
2024-08-12,15963,5.5,119.89025348657117,6.25
2024-08-13,15885,5.5,119.89025348657117,6.25
2024-08-14,15691,5.5,119.89025348657117,6.25
2024-08-15,15687,5.5,119.89025348657117,6.25
2024-08-16,15716,5.5,119.89025348657117,6.25
2024-08-19,15591,5.5,119.89025348657117,6.25
2024-08-20,15480,5.5,119.89025348657117,6.25
2024-08-21,15456,5.5,119.89025348657117,6.25
2024-08-22,15579,5.5,119.89025348657117,6.25
2024-08-23,15554,5.5,119.89025348657117,6.25
2024-08-26,15380,5.5,119.89025348657117,6.25
2024-08-27,15509,5.5,119.89025348657117,6.25
2024-08-28,15476,5.5,119.89025348657117,6.25
2024-08-29,15409,5.5,119.89025348657117,6.25
2024-08-30,15473,5.5,119.89025348657117,6.25
2024-09-02,15536,5.5,119.74638518238727,6.25
2024-09-03,15557,5.5,119.74638518238727,6.25
2024-09-04,15490,5.5,119.74638518238727,6.25
2024-09-05,15410,5.5,119.74638518238727,6.25
2024-09-06,15372,5.5,119.74638518238727,6.25
2024-09-09,15446,5.5,119.74638518238727,6.25
2024-09-10,15447,5.5,119.74638518238727,6.25
2024-09-11,15415,5.5,119.74638518238727,6.25
2024-09-12,15421,5.5,119.74638518238727,6.25
2024-09-13,15405,5.5,119.74638518238727,6.25
2024-09-17,15338,5.5,119.74638518238727,6.25
2024-09-18,15350,5.5,119.74638518238727,6.0
2024-09-19,15287,5.0,119.74638518238727,6.0
2024-09-20,15100,5.0,119.74638518238727,6.0
2024-09-23,15191,5.0,119.74638518238727,6.0
2024-09-24,15186,5.0,119.74638518238727,6.0
2024-09-25,15092,5.0,119.74638518238727,6.0
2024-09-26,15171,5.0,119.74638518238727,6.0
2024-09-27,15138,5.0,119.74638518238727,6.0
2024-09-30,15144,5.0,119.74638518238727,6.0
2024-10-01,15204,5.0,119.84218229053316,6.0
2024-10-02,15247,5.0,119.84218229053316,6.0
2024-10-03,15394,5.0,119.84218229053316,6.0
2024-10-04,15495,5.0,119.84218229053316,6.0
2024-10-07,15680,5.0,119.84218229053316,6.0
2024-10-08,15671,5.0,119.84218229053316,6.0
2024-10-09,15607,5.0,119.84218229053316,6.0
2024-10-10,15658,5.0,119.84218229053316,6.0
2024-10-11,15609,5.0,119.84218229053316,6.0
2024-10-14,15581,5.0,119.84218229053316,6.0
2024-10-15,15555,5.0,119.84218229053316,6.0
2024-10-16,15536,5.0,119.84218229053316,6.0
2024-10-17,15516,5.0,119.84218229053316,6.0
2024-10-18,15466,5.0,119.84218229053316,6.0
2024-10-21,15465,5.0,119.84218229053316,6.0
2024-10-22,15560,5.0,119.84218229053316,6.0
2024-10-23,15620,5.0,119.84218229053316,6.0
2024-10-24,15593,5.0,119.84218229053316,6.0
2024-10-25,15629,5.0,119.84218229053316,6.0
2024-10-28,15729,5.0,119.84218229053316,6.0
2024-10-29,15760,5.0,119.84218229053316,6.0
2024-10-30,15732,5.0,119.84218229053316,6.0
2024-10-31,15705,5.0,119.84218229053316,6.0
2024-11-01,15723,5.0,120.20170883740475,6.0
2024-11-04,15751,5.0,120.20170883740475,6.0
2024-11-05,15766,5.0,120.20170883740475,6.0
2024-11-06,15840,5.0,120.20170883740475,6.0
2024-11-07,15767,5.0,120.20170883740475,6.0
2024-11-08,15671,4.75,120.20170883740475,6.0
2024-11-11,15677,4.75,120.20170883740475,6.0
2024-11-12,15771,4.75,120.20170883740475,6.0
2024-11-13,15782,4.75,120.20170883740475,6.0
2024-11-14,15873,4.75,120.20170883740475,6.0
2024-11-15,15888,4.75,120.20170883740475,6.0
2024-11-18,15848,4.75,120.20170883740475,6.0
2024-11-19,15816,4.75,120.20170883740475,6.0
2024-11-20,15858,4.75,120.20170883740475,6.0
2024-11-21,15942,4.75,120.20170883740475,6.0
2024-11-22,15911,4.75,120.20170883740475,6.0
2024-11-25,15864,4.75,120.20170883740475,6.0
2024-11-26,15930,4.75,120.20170883740475,6.0
2024-11-28,15864,4.75,120.20170883740475,6.0
2024-11-29,15856,4.75,120.20170883740475,6.0
2024-12-02,15905,4.75,120.73059635628934,6.0
2024-12-03,15950,4.75,120.73059635628934,6.0
2024-12-04,15957,4.75,120.73059635628934,6.0
2024-12-05,15892,4.75,120.73059635628934,6.0
2024-12-06,15848,4.75,120.73059635628934,6.0
2024-12-09,15861,4.75,120.73059635628934,6.0
2024-12-10,15874,4.75,120.73059635628934,6.0
2024-12-11,15905,4.75,120.73059635628934,6.0
2024-12-12,15939,4.75,120.73059635628934,6.0
2024-12-13,15987,4.75,120.73059635628934,6.0
2024-12-16,16019,4.75,120.73059635628934,6.0
2024-12-17,16050,4.75,120.73059635628934,6.0
2024-12-18,16100,4.75,120.73059635628934,6.0
2024-12-19,16277,4.5,120.73059635628934,6.0
2024-12-20,16270,4.5,120.73059635628934,6.0
2024-12-23,16159,4.5,120.73059635628934,6.0
2024-12-24,16208,4.5,120.73059635628934,6.0
2024-12-27,16251,4.5,120.73059635628934,6.0
2024-12-30,16162,4.5,120.73059635628934,6.0
2024-12-31,16157,4.5,120.73059635628934,6.0
2025-01-02,16236,4.5,119.81304382398153,6.0
2025-01-03,16217,4.5,119.81304382398153,6.0
2025-01-06,16193,4.5,119.81304382398153,6.0
2025-01-07,16169,4.5,119.81304382398153,6.0
2025-01-08,16201,4.5,119.81304382398153,6.0
2025-01-09,16238,4.5,119.81304382398153,6.0
2025-01-10,16194,4.5,119.81304382398153,6.0
2025-01-13,16281,4.5,119.81304382398153,6.0
2025-01-14,16265,4.5,119.81304382398153,6.0
2025-01-15,16311,4.5,119.81304382398153,5.75
2025-01-16,16378,4.5,119.81304382398153,5.75
2025-01-17,16373,4.5,119.81304382398153,5.75
2025-01-20,16372,4.5,119.81304382398153,5.75
2025-01-21,16331,4.5,119.81304382398153,5.75
2025-01-22,16327,4.5,119.81304382398153,5.75
2025-01-23,16276,4.5,119.81304382398153,5.75
2025-01-24,16200,4.5,119.81304382398153,5.75
2025-01-30,16259,4.5,119.81304382398153,5.75
2025-01-31,16312,4.5,119.81304382398153,5.75
2025-02-03,16453,4.5,119.23794121362641,5.75
2025-02-04,16365,4.5,119.23794121362641,5.75
2025-02-05,16308,4.5,119.23794121362641,5.75
2025-02-06,16330,4.5,119.23794121362641,5.75
2025-02-07,16325,4.5,119.23794121362641,5.75
2025-02-10,16350,4.5,119.23794121362641,5.75
2025-02-11,16380,4.5,119.23794121362641,5.75
2025-02-12,16364,4.5,119.23794121362641,5.75
2025-02-13,16365,4.5,119.23794121362641,5.75
2025-02-14,16285,4.5,119.23794121362641,5.75
2025-02-17,16208,4.5,119.23794121362641,5.75
2025-02-18,16275,4.5,119.23794121362641,5.75
2025-02-19,16357,4.5,119.23794121362641,5.75
2025-02-20,16344,4.5,119.23794121362641,5.75
2025-02-21,16300,4.5,119.23794121362641,5.75
2025-02-24,16303,4.5,119.23794121362641,5.75
2025-02-25,16316,4.5,119.23794121362641,5.75
2025-02-26,16387,4.5,119.23794121362641,5.75
2025-02-27,16431,4.5,119.23794121362641,5.75
2025-02-28,16575,4.5,119.23794121362641,5.75
2025-03-03,16506,4.5,121.20536724365122,5.75
2025-03-04,16443,4.5,121.20536724365122,5.75
2025-03-05,16371,4.5,121.20536724365122,5.75
2025-03-06,16315,4.5,121.20536724365122,5.75
2025-03-07,16336,4.5,121.20536724365122,5.75
2025-03-10,16326,4.5,121.20536724365122,5.75
2025-03-11,16430,4.5,121.20536724365122,5.75
2025-03-12,16453,4.5,121.20536724365122,5.75
2025-03-13,16428,4.5,121.20536724365122,5.75
2025-03-14,16392,4.5,121.20536724365122,5.75
2025-03-17,16379,4.5,121.20536724365122,5.75
2025-03-18,16432,4.5,121.20536724365122,5.75
2025-03-19,16528,4.5,121.20536724365122,5.75
2025-03-20,16481,4.5,121.20536724365122,5.75
2025-03-21,16501,4.5,121.20536724365122,5.75
2025-03-24,16561,4.5,121.20536724365122,5.75
2025-03-25,16622,4.5,121.20536724365122,5.75
2025-03-26,16588,4.5,121.20536724365122,5.75
2025-03-27,16566,4.5,121.20536724365122,5.75
2025-04-08,16849,4.5,122.62347004040195,5.75
2025-04-09,16943,4.5,122.62347004040195,5.75
2025-04-10,16779,4.5,122.62347004040195,5.75
2025-04-11,16805,4.5,122.62347004040195,5.75
2025-04-14,16773,4.5,122.62347004040195,5.75
2025-04-15,16815,4.5,122.62347004040195,5.75
2025-04-16,16845,4.5,122.62347004040195,5.75
2025-04-17,16833,4.5,122.62347004040195,5.75
2025-04-21,16808,4.5,122.62347004040195,5.75
2025-04-22,16862,4.5,122.62347004040195,5.75
2025-04-23,16880,4.5,122.62347004040195,5.75
2025-04-24,16884,4.5,122.62347004040195,5.75
2025-04-25,16829,4.5,122.62347004040195,5.75
2025-04-28,16862,4.5,122.62347004040195,5.75
2025-04-29,16787,4.5,122.62347004040195,5.75
2025-04-30,16679,4.5,122.62347004040195,5.75
2025-05-02,16493,4.5,122.16976320125245,5.75
2025-05-05,16421,4.5,122.16976320125245,5.75
2025-05-06,16472,4.5,122.16976320125245,5.75
2025-05-07,16533,4.5,122.16976320125245,5.75
2025-05-08,16497,4.5,122.16976320125245,5.75
2025-05-09,16532,4.5,122.16976320125245,5.75
2025-05-14,16568,4.5,122.16976320125245,5.75
2025-05-15,16535,4.5,122.16976320125245,5.75
2025-05-16,16424,4.5,122.16976320125245,5.75
2025-05-19,16455,4.5,122.16976320125245,5.75
2025-05-20,16406,4.5,122.16976320125245,5.75
2025-05-21,16413,4.5,122.16976320125245,5.5
2025-05-22,16313,4.5,122.16976320125245,5.5
2025-05-23,16289,4.5,122.16976320125245,5.5
2025-05-26,16207,4.5,122.16976320125245,5.5
2025-05-27,16255,4.5,122.16976320125245,5.5
2025-05-28,16300,4.5,122.16976320125245,5.5
2025-06-02,16297,4.5,122.40188575133485,5.5
2025-06-03,16288,4.5,122.40188575133485,5.5
2025-06-04,16305,4.5,122.40188575133485,5.5
2025-06-05,16277,4.5,122.40188575133485,5.5
2025-06-10,16276,4.5,122.40188575133485,5.5
2025-06-11,16265,4.5,122.40188575133485,5.5
2025-06-12,16237,4.5,122.40188575133485,5.5
2025-06-13,16293,4.5,122.40188575133485,5.5
2025-06-16,16296,4.5,122.40188575133485,5.5
2025-06-17,16281,4.5,122.40188575133485,5.5
2025-06-18,16319,4.5,122.40188575133485,5.5
2025-06-19,16378,4.5,122.40188575133485,5.5
2025-06-20,16399,4.5,122.40188575133485,5.5
2025-06-23,16484,4.5,122.40188575133485,5.5
2025-06-24,16370,4.5,122.40188575133485,5.5
2025-06-25,16292,4.5,122.40188575133485,5.5
2025-06-26,16233,4.5,122.40188575133485,5.5
2025-06-30,16231,4.5,122.40188575133485,5.5
2025-07-01,16192,4.5,122.76909140858882,5.5
2025-07-02,16236,4.5,122.76909140858882,5.5
2025-07-03,16209,4.5,122.76909140858882,5.5
2025-07-04,16204,4.5,122.76909140858882,5.5
2025-07-07,16237,4.5,122.76909140858882,5.5
2025-07-08,16238,4.5,122.76909140858882,5.5
2025-07-09,16254,4.5,122.76909140858882,5.5
2025-07-10,16220,4.5,122.76909140858882,5.5
2025-07-11,16221,4.5,122.76909140858882,5.5
2025-07-14,16247,4.5,122.76909140858882,5.5
2025-07-15,16281,4.5,122.76909140858882,5.5
2025-07-16,16288,4.5,122.76909140858882,5.25
2025-07-17,16329,4.5,122.76909140858882,5.25
2025-07-18,16301,4.5,122.76909140858882,5.25
2025-07-21,16330,4.5,122.76909140858882,5.25
2025-07-22,16307,4.5,122.76909140858882,5.25
2025-07-23,16298,4.5,122.76909140858882,5.25
2025-07-24,16283,4.5,122.76909140858882,5.25
2025-07-25,16325,4.5,122.76909140858882,5.25
2025-07-28,16341,4.5,122.76909140858882,5.25
2025-07-29,16399,4.5,122.76909140858882,5.25
2025-07-30,16387,4.5,122.76909140858882,5.25
2025-07-31,16459,4.5,122.76909140858882,5.25
2025-08-01,16494,4.5,122.67087613546195,5.25
2025-08-04,16388,4.5,122.67087613546195,5.25
2025-08-05,16388,4.5,122.67087613546195,5.25
2025-08-06,16379,4.5,122.67087613546195,5.25
2025-08-07,16312,4.5,122.67087613546195,5.25
2025-08-08,16299,4.5,122.67087613546195,5.25
2025-08-11,16253,4.5,122.67087613546195,5.25
2025-08-12,16298,4.5,122.67087613546195,5.25
2025-08-13,16237,4.5,122.67087613546195,5.25
2025-08-14,16109,4.5,122.67087613546195,5.25
2025-08-15,16162,4.5,122.67087613546195,5.25
2025-08-19,16241,4.5,122.67087613546195,5.25
2025-08-20,16291,4.5,122.67087613546195,5.0
2025-08-21,16283,4.5,122.67087613546195,5.0
2025-08-22,16340,4.5,122.67087613546195,5.0
2025-08-25,16255,4.5,122.67087613546195,5.0
2025-08-26,16277,4.5,122.67087613546195,5.0
2025-08-27,16355,4.5,122.67087613546195,5.0
2025-08-28,16356,4.5,122.67087613546195,5.0
2025-08-29,16461,4.5,122.67087613546195,5.0
2025-09-01,16463,4.5,122.92848497534641,5.0
2025-09-02,16418,4.5,122.92848497534641,5.0
2025-09-03,16424,4.5,122.92848497534641,5.0
2025-09-04,16438,4.5,122.92848497534641,5.0
2025-09-08,16348,4.5,122.92848497534641,5.0
2025-09-09,16462,4.5,122.92848497534641,5.0
2025-09-10,16457,4.5,122.92848497534641,5.0
2025-09-11,16468,4.5,122.92848497534641,5.0
2025-09-12,16391,4.5,122.92848497534641,5.0
2025-09-15,16405,4.5,122.92848497534641,5.0
2025-09-16,16385,4.5,122.92848497534641,5.0
2025-09-17,16430,4.5,122.92848497534641,4.75
2025-09-18,16498,4.25,122.92848497534641,4.75
2025-09-19,16578,4.25,122.92848497534641,4.75
2025-09-22,16607,4.25,122.92848497534641,4.75
2025-09-23,16636,4.25,122.92848497534641,4.75
2025-09-24,16680,4.25,122.92848497534641,4.75
2025-09-25,16752,4.25,122.92848497534641,4.75
2025-09-26,16775,4.25,122.92848497534641,4.75
2025-09-29,16680,4.25,122.92848497534641,4.75
2025-09-30,16692,4.25,122.92848497534641,4.75
2025-10-01,16680,4.25,123.27268473327737,4.75
2025-10-02,16612,4.25,123.27268473327737,4.75
2025-10-03,16611,4.25,123.27268473327737,4.75
2025-10-06,16598,4.25,123.27268473327737,4.75
2025-10-07,16560,4.25,123.27268473327737,4.75
2025-10-08,16606,4.25,123.27268473327737,4.75
2025-10-09,16534,4.25,123.27268473327737,4.75
2025-10-10,16585,4.25,123.27268473327737,4.75
2025-10-13,16580,4.25,123.27268473327737,4.75
2025-10-14,16577,4.25,123.27268473327737,4.75
2025-10-15,16577,4.25,123.27268473327737,4.75
2025-10-16,16580,4.25,123.27268473327737,4.75
2025-10-17,16590,4.25,123.27268473327737,4.75
2025-10-20,16585,4.25,123.27268473327737,4.75
2025-10-21,16589,4.25,123.27268473327737,4.75
2025-10-22,16617,4.25,123.27268473327737,4.75
2025-10-23,16645,4.25,123.27268473327737,4.75
2025-10-24,16630,4.25,123.27268473327737,4.75
2025-10-27,16628,4.25,123.27268473327737,4.75
2025-10-28,16622,4.25,123.27268473327737,4.75
2025-10-29,16631,4.25,123.27268473327737,4.75
2025-10-30,16640,4.0,123.27268473327737,4.75
2025-10-31,16625,4.0,123.27268473327737,4.75
2025-11-03,16664,4.0,123.48224829732395,4.75
2025-11-04,16724,4.0,123.48224829732395,4.75
2025-11-05,16729,4.0,123.48224829732395,4.75
2025-11-06,16707,4.0,123.48224829732395,4.75
2025-11-07,16704,4.0,123.48224829732395,4.75
2025-11-10,16666,4.0,123.48224829732395,4.75
2025-11-11,16698,4.0,123.48224829732395,4.75
2025-11-12,16722,4.0,123.48224829732395,4.75
2025-11-13,16732,4.0,123.48224829732395,4.75
2025-11-14,16710,4.0,123.48224829732395,4.75
2025-11-17,16734,4.0,123.48224829732395,4.75
2025-11-18,16760,4.0,123.48224829732395,4.75
2025-11-19,16732,4.0,123.48224829732395,4.75
2025-11-20,16742,4.0,123.48224829732395,4.75
2025-11-21,16719,4.0,123.48224829732395,4.75
2025-11-24,16709,4.0,123.48224829732395,4.75
2025-11-25,16667,4.0,123.48224829732395,4.75
2025-11-26,16673,4.0,123.48224829732395,4.75
2025-11-27,16644,4.0,123.48224829732395,4.75
2025-11-28,16661,4.0,123.48224829732395,4.75
2025-12-01,16668,4.0,124.27253468642682,4.75
2025-12-02,16632,4.0,124.27253468642682,4.75
2025-12-03,16632,4.0,124.27253468642682,4.75
2025-12-04,16646,4.0,124.27253468642682,4.75
2025-12-05,16655,4.0,124.27253468642682,4.75
2025-12-08,16688,4.0,124.27253468642682,4.75
2025-12-09,16677,4.0,124.27253468642682,4.75
2025-12-10,16688,4.0,124.27253468642682,4.75
2025-12-11,16668,3.75,124.27253468642682,4.75
2025-12-12,16652,3.75,124.27253468642682,4.75
2025-12-15,16669,3.75,124.27253468642682,4.75
2025-12-16,16693,3.75,124.27253468642682,4.75
2025-12-17,16698,3.75,124.27253468642682,4.75
2025-12-18,16722,3.75,124.27253468642682,4.75
2025-12-19,16735,3.75,124.27253468642682,4.75
2025-12-22,16773,3.75,124.27253468642682,4.75
2025-12-23,16790,3.75,124.27253468642682,4.75
2025-12-24,16767,3.75,124.27253468642682,4.75
2025-12-29,16788,3.75,124.27253468642682,4.75
2025-12-30,16782,3.75,124.27253468642682,4.75
2025-12-31,16720,3.75,124.27253468642682,4.75
2026-01-02,16725,3.75,124.0861258843972,4.75
2026-01-05,16748,3.75,124.0861258843972,4.75
2026-01-06,16762,3.75,124.0861258843972,4.75
2026-01-07,16785,3.75,124.0861258843972,4.75
2026-01-08,16801,3.75,124.0861258843972,4.75
2026-01-09,16834,3.75,124.0861258843972,4.75
2026-01-12,16853,3.75,124.0861258843972,4.75
2026-01-13,16875,3.75,124.0861258843972,4.75
2026-01-14,16871,3.75,124.0861258843972,4.75
2026-01-15,16880,3.75,124.0861258843972,4.75
2026-01-19,16935,3.75,124.0861258843972,4.75
2026-01-20,16981,3.75,124.0861258843972,4.75
2026-01-21,16963,3.75,124.0861258843972,4.75
2026-01-22,16902,3.75,124.0861258843972,4.75
2026-01-23,16838,3.75,124.0861258843972,4.75
2026-01-26,16779,3.75,124.0861258843972,4.75
2026-01-27,16801,3.75,124.0861258843972,4.75
2026-01-28,16723,3.75,124.0861258843972,4.75
2026-01-29,16786,3.75,124.0861258843972,4.75
2026-01-30,16796,3.75,124.0861258843972,4.75
2026-02-02,16800,3.75,124.92991154041108,4.75
2026-02-03,16777,3.75,124.92991154041108,4.75
2026-02-04,16775,3.75,124.92991154041108,4.75
2026-02-05,16826,3.75,124.92991154041108,4.75
2026-02-06,16887,3.75,124.92991154041108,4.75
2026-02-09,16838,3.75,124.92991154041108,4.75
2026-02-10,16799,3.75,124.92991154041108,4.75
2026-02-11,16781,3.75,124.92991154041108,4.75
2026-02-12,16826,3.75,124.92991154041108,4.75
2026-02-13,16844,3.75,124.92991154041108,4.75
2026-02-18,16884,3.75,124.92991154041108,4.75
2026-02-19,16925,3.75,124.92991154041108,4.75
2026-02-20,16885,3.75,124.92991154041108,4.75
2026-02-23,16818,3.75,124.92991154041108,4.75
2026-02-24,16830,3.75,124.92991154041108,4.75
2026-02-25,16813,3.75,124.92991154041108,4.75
2026-02-26,16758,3.75,124.92991154041108,4.75
2026-02-27,16779,3.75,124.92991154041108,4.75
2026-03-02,16848,3.75,125.44212417772678,4.75
2026-03-03,16870,3.75,125.44212417772678,4.75
2026-03-04,16911,3.75,125.44212417772678,4.75
2026-03-05,16886,3.75,125.44212417772678,4.75
2026-03-06,16919,3.75,125.44212417772678,4.75
2026-03-09,16974,3.75,125.44212417772678,4.75
2026-03-10,16879,3.75,125.44212417772678,4.75
2026-03-11,16867,3.75,125.44212417772678,4.75
2026-03-12,16899,3.75,125.44212417772678,4.75
2026-03-13,16934,3.75,125.44212417772678,4.75
2026-03-16,16990,3.75,125.44212417772678,4.75
2026-03-17,16982,3.75,125.44212417772678,4.75
2026-03-25,16905,3.75,125.44212417772678,4.75
2026-03-26,16903,3.75,125.44212417772678,4.75
2026-03-27,16957,3.75,125.44212417772678,4.75
2026-03-30,16993,3.75,125.44212417772678,4.75
2026-03-31,16999,3.75,125.44212417772678,4.75
2026-04-01,17002,3.75,125.60519893915783,4.75
2026-04-02,17015,3.75,125.60519893915783,4.75
2026-04-06,17037,3.75,125.60519893915783,4.75
2026-04-07,17092,3.75,125.60519893915783,4.75
2026-04-08,17009,3.75,125.60519893915783,4.75
2026-04-09,17082,3.75,125.60519893915783,4.75
2026-04-10,17112,3.75,125.60519893915783,4.75
2026-04-13,17122,3.75,125.60519893915783,4.75
2026-04-14,17135,3.75,125.60519893915783,4.75
2026-04-15,17141,3.75,125.60519893915783,4.75
2026-04-16,17142,3.75,125.60519893915783,4.75
2026-04-17,17189,3.75,125.60519893915783,4.75
2026-04-20,17176,3.75,125.60519893915783,4.75
2026-04-21,17142,3.75,125.60519893915783,4.75
2026-04-22,17179,3.75,125.60519893915783,4.75
2026-04-23,17308,3.75,125.60519893915783,4.75
2026-04-24,17278,3.75,125.60519893915783,4.75
2026-04-27,17227,3.75,125.60519893915783,4.75
2026-04-28,17245,3.75,125.60519893915783,4.75
2026-04-29,17324,3.75,125.60519893915783,4.75
2026-04-30,17378,3.75,125.60519893915783,4.75
2026-05-04,17368,3.75,125.95689349618746,4.75
2026-05-05,17425,3.75,125.95689349618746,4.75
2026-05-06,17405,3.75,125.95689349618746,4.75
2026-05-07,17362,3.75,125.95689349618746,4.75
2026-05-08,17375,3.75,125.95689349618746,4.75
2026-05-11,17415,3.75,125.95689349618746,4.75
2026-05-12,17514,3.75,125.95689349618746,4.75
2026-05-13,17496,3.75,125.95689349618746,4.75
2026-05-18,17666,3.75,125.95689349618746,4.75
2026-05-19,17719,3.75,125.95689349618746,4.75
2026-05-20,17685,3.75,125.95689349618746,5.25
2026-05-21,17673,3.75,125.95689349618746,5.25
2026-05-22,17717,3.75,125.95689349618746,5.25
2026-05-25,17743,3.75,125.95689349618746,5.25
2026-05-26,17789,3.75,125.95689349618746,5.25
2026-05-29,17883,3.75,125.95689349618746,5.25
2026-06-02,17863,3.75,126.51110382757066,5.25
2026-06-03,17931,3.75,126.51110382757066,5.25
2026-06-04,18039,3.75,126.51110382757066,5.25
2026-06-05,18039,3.75,126.51110382757066,5.25
2026-06-08,18171,3.75,126.51110382757066,5.25
2026-06-09,18141,3.75,126.51110382757066,5.5
2026-06-10,17971,3.75,126.51110382757066,5.5
2026-06-11,17981,3.75,126.51110382757066,5.5
2026-06-12,17921,3.75,126.51110382757066,5.5
2026-06-15,17719,3.75,126.51110382757066,5.5
2026-06-17,17753,3.75,126.51110382757066,5.5
2026-06-18,17826,3.75,126.51110382757066,5.75
2026-06-19,17826,3.75,126.51110382757066,5.75
2026-06-22,17819,3.75,126.51110382757066,5.75
2026-06-23,17868,3.75,126.51110382757066,5.75
2026-06-24,17955,3.75,126.51110382757066,5.75
2026-06-25,17942,3.75,126.51110382757066,5.75
2026-06-26,17962,3.75,126.51110382757066,5.75
2026-06-29,17856,3.75,126.51110382757066,5.75
2026-06-30,17899,3.75,126.51110382757066,5.75
2026-07-01,17961,3.75,126.33398828221208,5.75
2026-07-02,17994,3.75,126.33398828221208,5.75
2026-07-03,17960,3.75,126.33398828221208,5.75
2026-07-06,17999,3.75,126.33398828221208,5.75
2026-07-07,17988,3.75,126.33398828221208,5.75
2026-07-08,18005,3.75,126.33398828221208,5.75
2026-07-09,18090,3.75,126.33398828221208,5.75
2026-07-10,18069,3.75,126.33398828221208,5.75
2026-07-13,18131,3.75,126.33398828221208,5.75
2026-07-14,18099,3.75,126.33398828221208,5.75
2026-07-15,18064,3.75,126.33398828221208,5.75
2026-07-16,18041,3.75,126.33398828221208,5.75
2026-07-17,17944,3.75,126.33398828221208,5.75
2026-07-20,17976,3.75,126.33398828221208,5.75
2026-07-21,17909,3.75,126.33398828221208,5.75
2026-07-22,17909,3.75,126.33398828221208,5.75
2026-07-23,17915,3.75,126.33398828221208,5.75
2026-07-24,17973,3.75,126.33398828221208,5.75
2026-07-27,17995,3.75,126.33398828221208,5.75
